dm_drug,drug,by,code,pattern,but_not,note
1,Sulfonylurea,Names,,Acetohexamide,,
1,Sulfonylurea,Names,,D[i|y]melor,,
1,Sulfonylurea,Names,,"glimep[e,i]ride",,
1,Sulfonylurea,Names,,Avandaryl,,This is combination of glimeperide-rosiglitazone
1,Sulfonylurea,Names,,Amaryl,,
1,Sulfonylurea,Names,,Duetact,,this is combination of glimepiride-pioglitazone
1,Sulfonylurea,Names,,gliclazide,,
1,Sulfonylurea,Names,,Uni Diamicron,,
1,Sulfonylurea,Names,,glipizide,,
1,Sulfonylurea,Names,,Metaglip,,this is combination of metformin-glipizide
1,Sulfonylurea,Names,,Glucotrol,,
1,Sulfonylurea,Names,,Min[i|o]diab,,
1,Sulfonylurea,Names,,Glibenese,,
1,Sulfonylurea,Names,,Glucotrol XL,,
1,Sulfonylurea,Names,,Glipizide XL,,
1,Sulfonylurea,Names,,glyburide,,
1,Sulfonylurea,Names,,Glucovance,,
1,Sulfonylurea,Names,,glibenclamide,,
1,Sulfonylurea,Names,,DiaBeta,,
1,Sulfonylurea,Names,,Glynase,,
1,Sulfonylurea,Names,,Micronase,,
1,Sulfonylurea,Names,,chlorpropamide,,
1,Sulfonylurea,Names,,Diabinese,,
1,Sulfonylurea,Names,,Apo-Chlorpropamide,,
1,Sulfonylurea,Names,,Glucamide,,
1,Sulfonylurea,Names,,Novo-Propamide,,
1,Sulfonylurea,Names,,Insulase,,
1,Sulfonylurea,Names,,tolazamide,,
1,Sulfonylurea,Names,,Tolinase,,
1,Sulfonylurea,Names,,Glynase PresTab,,
1,Sulfonylurea,Names,,Tolamide,,
1,Sulfonylurea,Names,,tolbutamide,,
1,Sulfonylurea,Names,,Orinase,,
1,Sulfonylurea,Names,,Tol-Tab,,
1,Sulfonylurea,Names,,Apo-Tolbutamide,,
1,Sulfonylurea,Names,,Novo-Butamide,,
1,Sulfonylurea,Names,,Glyclopyramide,,
1,Sulfonylurea,Names,,Deamelin[-]S,,
1,Sulfonylurea,Names,,Gliquidone,,
1,Sulfonylurea,Names,,Glurenorm,,
1,Sulfonylurea,RXNORM,3842,,,
1,Sulfonylurea,RXNORM,153843,,,
1,Sulfonylurea,RXNORM,153844,,,
1,Sulfonylurea,RXNORM,153845,,,
1,Sulfonylurea,RXNORM,197306,,,
1,Sulfonylurea,RXNORM,197307,,,
1,Sulfonylurea,RXNORM,197495,,,
1,Sulfonylurea,RXNORM,197496,,,
1,Sulfonylurea,RXNORM,197737,,,
1,Sulfonylurea,RXNORM,198291,,,
1,Sulfonylurea,RXNORM,198292,,,
1,Sulfonylurea,RXNORM,198293,,,
1,Sulfonylurea,RXNORM,198294,,,
1,Sulfonylurea,RXNORM,199245,,,
1,Sulfonylurea,RXNORM,199246,,,
1,Sulfonylurea,RXNORM,199247,,,
1,Sulfonylurea,RXNORM,199825,,,
1,Sulfonylurea,RXNORM,201056,,,
1,Sulfonylurea,RXNORM,201057,,,
1,Sulfonylurea,RXNORM,201058,,,
1,Sulfonylurea,RXNORM,201059,,,
1,Sulfonylurea,RXNORM,201060,,,
1,Sulfonylurea,RXNORM,201061,,,
1,Sulfonylurea,RXNORM,201062,,,
1,Sulfonylurea,RXNORM,201063,,,
1,Sulfonylurea,RXNORM,201064,,,
1,Sulfonylurea,RXNORM,201919,,,
1,Sulfonylurea,RXNORM,201921,,,
1,Sulfonylurea,RXNORM,201922,,,
1,Sulfonylurea,RXNORM,203289,,,
1,Sulfonylurea,RXNORM,203295,,,
1,Sulfonylurea,RXNORM,203679,,,
1,Sulfonylurea,RXNORM,203680,,,
1,Sulfonylurea,RXNORM,203681,,,
1,Sulfonylurea,RXNORM,205828,,,
1,Sulfonylurea,RXNORM,205830,,,
1,Sulfonylurea,RXNORM,205872,,,
1,Sulfonylurea,RXNORM,205873,,,
1,Sulfonylurea,RXNORM,205875,,,
1,Sulfonylurea,RXNORM,205876,,,
1,Sulfonylurea,RXNORM,205879,,,
1,Sulfonylurea,RXNORM,205880,,,
1,Sulfonylurea,RXNORM,207953,,,
1,Sulfonylurea,RXNORM,207954,,,
1,Sulfonylurea,RXNORM,207955,,,
1,Sulfonylurea,RXNORM,208012,,,
1,Sulfonylurea,RXNORM,209204,,,
1,Sulfonylurea,RXNORM,214106,,,
1,Sulfonylurea,RXNORM,214107,,,
1,Sulfonylurea,RXNORM,217360,,,
1,Sulfonylurea,RXNORM,217364,,,
1,Sulfonylurea,RXNORM,217370,,,
1,Sulfonylurea,RXNORM,218942,,,
1,Sulfonylurea,RXNORM,220338,,,
1,Sulfonylurea,RXNORM,221173,,,
1,Sulfonylurea,RXNORM,224962,,,
1,Sulfonylurea,RXNORM,227211,,,
1,Sulfonylurea,RXNORM,241604,,,
1,Sulfonylurea,RXNORM,241605,,,
1,Sulfonylurea,RXNORM,245266,,,
1,Sulfonylurea,RXNORM,246391,,,
1,Sulfonylurea,RXNORM,246522,,,
1,Sulfonylurea,RXNORM,246523,,,
1,Sulfonylurea,RXNORM,246524,,,
1,Sulfonylurea,RXNORM,250919,,,
1,Sulfonylurea,RXNORM,252259,,,
1,Sulfonylurea,RXNORM,252960,,,
1,Sulfonylurea,RXNORM,260286,,,
1,Sulfonylurea,RXNORM,260287,,,
1,Sulfonylurea,RXNORM,261351,,,
1,Sulfonylurea,RXNORM,261974,,,
1,Sulfonylurea,RXNORM,284743,,,
1,Sulfonylurea,RXNORM,285129,,,
1,Sulfonylurea,RXNORM,310488,,,
1,Sulfonylurea,RXNORM,310489,,,
1,Sulfonylurea,RXNORM,310490,,,
1,Sulfonylurea,RXNORM,310534,,,
1,Sulfonylurea,RXNORM,310536,,,
1,Sulfonylurea,RXNORM,310537,,,
1,Sulfonylurea,RXNORM,310539,,,
1,Sulfonylurea,RXNORM,313418,,,
1,Sulfonylurea,RXNORM,313419,,,
1,Sulfonylurea,RXNORM,314000,,,
1,Sulfonylurea,RXNORM,314006,,,
1,Sulfonylurea,RXNORM,315107,,,
1,Sulfonylurea,RXNORM,315239,,,
1,Sulfonylurea,RXNORM,315273,,,
1,Sulfonylurea,RXNORM,315274,,,
1,Sulfonylurea,RXNORM,315647,,,
1,Sulfonylurea,RXNORM,315648,,,
1,Sulfonylurea,RXNORM,315978,,,
1,Sulfonylurea,RXNORM,315979,,,
1,Sulfonylurea,RXNORM,315980,,,
1,Sulfonylurea,RXNORM,315987,,,
1,Sulfonylurea,RXNORM,315988,,,
1,Sulfonylurea,RXNORM,315989,,,
1,Sulfonylurea,RXNORM,315990,,,
1,Sulfonylurea,RXNORM,315991,,,
1,Sulfonylurea,RXNORM,315992,,,
1,Sulfonylurea,RXNORM,316832,,,
1,Sulfonylurea,RXNORM,316833,,,
1,Sulfonylurea,RXNORM,316834,,,
1,Sulfonylurea,RXNORM,316835,,,
1,Sulfonylurea,RXNORM,316836,,,
1,Sulfonylurea,RXNORM,317379,,,
1,Sulfonylurea,RXNORM,317637,,,
1,Sulfonylurea,RXNORM,328851,,,
1,Sulfonylurea,RXNORM,330349,,,
1,Sulfonylurea,RXNORM,331496,,,
1,Sulfonylurea,RXNORM,332029,,,
1,Sulfonylurea,RXNORM,332808,,,
1,Sulfonylurea,RXNORM,332810,,,
1,Sulfonylurea,RXNORM,333394,,,
1,Sulfonylurea,RXNORM,336701,,,
1,Sulfonylurea,RXNORM,351452,,,
1,Sulfonylurea,RXNORM,352381,,,
1,Sulfonylurea,RXNORM,352764,,,
1,Sulfonylurea,RXNORM,353028,,,
1,Sulfonylurea,RXNORM,362611,,,
1,Sulfonylurea,RXNORM,367762,,,
1,Sulfonylurea,RXNORM,368204,,,
1,Sulfonylurea,RXNORM,368586,,,
1,Sulfonylurea,RXNORM,368696,,,
1,Sulfonylurea,RXNORM,368714,,,
1,Sulfonylurea,RXNORM,369297,,,
1,Sulfonylurea,RXNORM,369304,,,
1,Sulfonylurea,RXNORM,369373,,,
1,Sulfonylurea,RXNORM,369500,,,
1,Sulfonylurea,RXNORM,369557,,,
1,Sulfonylurea,RXNORM,369562,,,
1,Sulfonylurea,RXNORM,370529,,,
1,Sulfonylurea,RXNORM,371465,,,
1,Sulfonylurea,RXNORM,371466,,,
1,Sulfonylurea,RXNORM,371467,,,
1,Sulfonylurea,RXNORM,372318,,,
1,Sulfonylurea,RXNORM,372319,,,
1,Sulfonylurea,RXNORM,372320,,,
1,Sulfonylurea,RXNORM,372333,,,
1,Sulfonylurea,RXNORM,372334,,,
1,Sulfonylurea,RXNORM,374149,,,
1,Sulfonylurea,RXNORM,374152,,,
1,Sulfonylurea,RXNORM,374635,,,
1,Sulfonylurea,RXNORM,375952,,,
1,Sulfonylurea,RXNORM,376236,,,
1,Sulfonylurea,RXNORM,376868,,,
1,Sulfonylurea,RXNORM,378730,,,
1,Sulfonylurea,RXNORM,379559,,,
1,Sulfonylurea,RXNORM,379565,,,
1,Sulfonylurea,RXNORM,379568,,,
1,Sulfonylurea,RXNORM,379570,,,
1,Sulfonylurea,RXNORM,379572,,,
1,Sulfonylurea,RXNORM,379802,,,
1,Sulfonylurea,RXNORM,379803,,,
1,Sulfonylurea,RXNORM,379804,,,
1,Sulfonylurea,RXNORM,380849,,,
1,Sulfonylurea,RXNORM,389137,,,
1,Sulfonylurea,RXNORM,391828,,,
1,Sulfonylurea,RXNORM,393405,,,
1,Sulfonylurea,RXNORM,393406,,,
1,Sulfonylurea,RXNORM,405121,,,
1,Sulfonylurea,RXNORM,429841,,,
1,Sulfonylurea,RXNORM,430102,,,
1,Sulfonylurea,RXNORM,430103,,,
1,Sulfonylurea,RXNORM,430104,,,
1,Sulfonylurea,RXNORM,430105,,,
1,Sulfonylurea,RXNORM,432366,,,
1,Sulfonylurea,RXNORM,432780,,,
1,Sulfonylurea,RXNORM,432853,,,
1,Sulfonylurea,RXNORM,433856,,,
1,Sulfonylurea,RXNORM,438506,,,
1,Sulfonylurea,RXNORM,440285,,,
1,Sulfonylurea,RXNORM,440286,,,
1,Sulfonylurea,RXNORM,440287,,,
1,Sulfonylurea,RXNORM,465455,,,
1,Sulfonylurea,RXNORM,469978,,,
1,Sulfonylurea,RXNORM,542029,,,
1,Sulfonylurea,RXNORM,542030,,,
1,Sulfonylurea,RXNORM,542031,,,
1,Sulfonylurea,RXNORM,542032,,,
1,Sulfonylurea,RXNORM,563154,,,
1,Sulfonylurea,RXNORM,564035,,,
1,Sulfonylurea,RXNORM,564036,,,
1,Sulfonylurea,RXNORM,564037,,,
1,Sulfonylurea,RXNORM,564038,,,
1,Sulfonylurea,RXNORM,565327,,,
1,Sulfonylurea,RXNORM,565408,,,
1,Sulfonylurea,RXNORM,565409,,,
1,Sulfonylurea,RXNORM,565410,,,
1,Sulfonylurea,RXNORM,565667,,,
1,Sulfonylurea,RXNORM,565668,,,
1,Sulfonylurea,RXNORM,565669,,,
1,Sulfonylurea,RXNORM,565670,,,
1,Sulfonylurea,RXNORM,565671,,,
1,Sulfonylurea,RXNORM,565672,,,
1,Sulfonylurea,RXNORM,565673,,,
1,Sulfonylurea,RXNORM,565674,,,
1,Sulfonylurea,RXNORM,565675,,,
1,Sulfonylurea,RXNORM,566055,,,
1,Sulfonylurea,RXNORM,566056,,,
1,Sulfonylurea,RXNORM,566057,,,
1,Sulfonylurea,RXNORM,566718,,,
1,Sulfonylurea,RXNORM,566720,,,
1,Sulfonylurea,RXNORM,566761,,,
1,Sulfonylurea,RXNORM,566762,,,
1,Sulfonylurea,RXNORM,566764,,,
1,Sulfonylurea,RXNORM,566765,,,
1,Sulfonylurea,RXNORM,566768,,,
1,Sulfonylurea,RXNORM,566769,,,
1,Sulfonylurea,RXNORM,568684,,,
1,Sulfonylurea,RXNORM,568685,,,
1,Sulfonylurea,RXNORM,568686,,,
1,Sulfonylurea,RXNORM,568742,,,
1,Sulfonylurea,RXNORM,569831,,,
1,Sulfonylurea,RXNORM,573945,,,
1,Sulfonylurea,RXNORM,573946,,,
1,Sulfonylurea,RXNORM,574089,,,
1,Sulfonylurea,RXNORM,574090,,,
1,Sulfonylurea,RXNORM,574571,,,
1,Sulfonylurea,RXNORM,574612,,,
1,Sulfonylurea,RXNORM,575377,,,
1,Sulfonylurea,RXNORM,600423,,,
1,Sulfonylurea,RXNORM,600447,,,
1,Sulfonylurea,RXNORM,602543,,,
1,Sulfonylurea,RXNORM,602544,,,
1,Sulfonylurea,RXNORM,602549,,,
1,Sulfonylurea,RXNORM,602550,,,
1,Sulfonylurea,RXNORM,606253,,,
1,Sulfonylurea,RXNORM,607784,,,
1,Sulfonylurea,RXNORM,607816,,,
1,Sulfonylurea,RXNORM,647208,,,
1,Sulfonylurea,RXNORM,647235,,,
1,Sulfonylurea,RXNORM,647236,,,
1,Sulfonylurea,RXNORM,647237,,,
1,Sulfonylurea,RXNORM,647239,,,
1,Sulfonylurea,RXNORM,669981,,,
1,Sulfonylurea,RXNORM,669982,,,
1,Sulfonylurea,RXNORM,669983,,,
1,Sulfonylurea,RXNORM,669984,,,
1,Sulfonylurea,RXNORM,669985,,,
1,Sulfonylurea,RXNORM,669986,,,
1,Sulfonylurea,RXNORM,669987,,,
1,Sulfonylurea,RXNORM,687730,,,
1,Sulfonylurea,RXNORM,700835,,,
1,Sulfonylurea,RXNORM,706895,,,
1,Sulfonylurea,RXNORM,706896,,,
1,Sulfonylurea,RXNORM,731455,,,
1,Sulfonylurea,RXNORM,731457,,,
1,Sulfonylurea,RXNORM,731461,,,
1,Sulfonylurea,RXNORM,731462,,,
1,Sulfonylurea,RXNORM,731463,,,
1,Sulfonylurea,RXNORM,827400,,,
1,Sulfonylurea,RXNORM,844809,,,
1,Sulfonylurea,RXNORM,844824,,,
1,Sulfonylurea,RXNORM,844827,,,
1,Sulfonylurea,RXNORM,847706,,,
1,Sulfonylurea,RXNORM,847707,,,
1,Sulfonylurea,RXNORM,847708,,,
1,Sulfonylurea,RXNORM,847710,,,
1,Sulfonylurea,RXNORM,847712,,,
1,Sulfonylurea,RXNORM,847714,,,
1,Sulfonylurea,RXNORM,847716,,,
1,Sulfonylurea,RXNORM,847718,,,
1,Sulfonylurea,RXNORM,847720,,,
1,Sulfonylurea,RXNORM,847722,,,
1,Sulfonylurea,RXNORM,847724,,,
1,Sulfonylurea,RXNORM,849585,,,
1,Sulfonylurea,RXNORM,861731,,,
1,Sulfonylurea,RXNORM,861732,,,
1,Sulfonylurea,RXNORM,861733,,,
1,Sulfonylurea,RXNORM,861736,,,
1,Sulfonylurea,RXNORM,861737,,,
1,Sulfonylurea,RXNORM,861738,,,
1,Sulfonylurea,RXNORM,861740,,,
1,Sulfonylurea,RXNORM,861741,,,
1,Sulfonylurea,RXNORM,861742,,,
1,Sulfonylurea,RXNORM,861743,,,
1,Sulfonylurea,RXNORM,861745,,,
1,Sulfonylurea,RXNORM,861747,,,
1,Sulfonylurea,RXNORM,861748,,,
1,Sulfonylurea,RXNORM,861750,,,
1,Sulfonylurea,RXNORM,861752,,,
1,Sulfonylurea,RXNORM,861753,,,
1,Sulfonylurea,RXNORM,861755,,,
1,Sulfonylurea,RXNORM,861756,,,
1,Sulfonylurea,RXNORM,861757,,,
1,Sulfonylurea,RXNORM,865567,,,
1,Sulfonylurea,RXNORM,865568,,,
1,Sulfonylurea,RXNORM,865569,,,
1,Sulfonylurea,RXNORM,865570,,,
1,Sulfonylurea,RXNORM,865571,,,
1,Sulfonylurea,RXNORM,865572,,,
1,Sulfonylurea,RXNORM,865573,,,
1,Sulfonylurea,RXNORM,865574,,,
1,Sulfonylurea,RXNORM,881404,,,
1,Sulfonylurea,RXNORM,881405,,,
1,Sulfonylurea,RXNORM,881406,,,
1,Sulfonylurea,RXNORM,881407,,,
1,Sulfonylurea,RXNORM,881408,,,
1,Sulfonylurea,RXNORM,881409,,,
1,Sulfonylurea,RXNORM,881410,,,
1,Sulfonylurea,RXNORM,881411,,,
1,Sulfonylurea,RXNORM,1007411,,,
1,Sulfonylurea,RXNORM,1007582,,,
1,Sulfonylurea,RXNORM,1008873,,,
1,Sulfonylurea,RXNORM,1120401,,,
1,Sulfonylurea,RXNORM,1125922,,,
1,Sulfonylurea,RXNORM,1128359,,,
1,Sulfonylurea,RXNORM,1130921,,,
1,Sulfonylurea,RXNORM,1132391,,,
1,Sulfonylurea,RXNORM,1132805,,,
1,Sulfonylurea,RXNORM,1135219,,,
1,Sulfonylurea,RXNORM,1135428,,,
1,Sulfonylurea,RXNORM,1147918,,,
1,Sulfonylurea,RXNORM,1153126,,,
1,Sulfonylurea,RXNORM,1153127,,,
1,Sulfonylurea,RXNORM,1155467,,,
1,Sulfonylurea,RXNORM,1155468,,,
1,Sulfonylurea,RXNORM,1155469,,,
1,Sulfonylurea,RXNORM,1155470,,,
1,Sulfonylurea,RXNORM,1155471,,,
1,Sulfonylurea,RXNORM,1155472,,,
1,Sulfonylurea,RXNORM,1156197,,,
1,Sulfonylurea,RXNORM,1156198,,,
1,Sulfonylurea,RXNORM,1156199,,,
1,Sulfonylurea,RXNORM,1156200,,,
1,Sulfonylurea,RXNORM,1156201,,,
1,Sulfonylurea,RXNORM,1157121,,,
1,Sulfonylurea,RXNORM,1157122,,,
1,Sulfonylurea,RXNORM,1157240,,,
1,Sulfonylurea,RXNORM,1157241,,,
1,Sulfonylurea,RXNORM,1157242,,,
1,Sulfonylurea,RXNORM,1157243,,,
1,Sulfonylurea,RXNORM,1157244,,,
1,Sulfonylurea,RXNORM,1157245,,,
1,Sulfonylurea,RXNORM,1157246,,,
1,Sulfonylurea,RXNORM,1157247,,,
1,Sulfonylurea,RXNORM,1157642,,,
1,Sulfonylurea,RXNORM,1157643,,,
1,Sulfonylurea,RXNORM,1157644,,,
1,Sulfonylurea,RXNORM,1165203,,,
1,Sulfonylurea,RXNORM,1165204,,,
1,Sulfonylurea,RXNORM,1165205,,,
1,Sulfonylurea,RXNORM,1165206,,,
1,Sulfonylurea,RXNORM,1165207,,,
1,Sulfonylurea,RXNORM,1165208,,,
1,Sulfonylurea,RXNORM,1165845,,,
1,Sulfonylurea,RXNORM,1169680,,,
1,Sulfonylurea,RXNORM,1169681,,,
1,Sulfonylurea,RXNORM,1170663,,,
1,Sulfonylurea,RXNORM,1170664,,,
1,Sulfonylurea,RXNORM,1171233,,,
1,Sulfonylurea,RXNORM,1171234,,,
1,Sulfonylurea,RXNORM,1171246,,,
1,Sulfonylurea,RXNORM,1171247,,,
1,Sulfonylurea,RXNORM,1171248,,,
1,Sulfonylurea,RXNORM,1171249,,,
1,Sulfonylurea,RXNORM,1171933,,,
1,Sulfonylurea,RXNORM,1171934,,,
1,Sulfonylurea,RXNORM,1173427,,,
1,Sulfonylurea,RXNORM,1173428,,,
1,Sulfonylurea,RXNORM,1175658,,,
1,Sulfonylurea,RXNORM,1175659,,,
1,Sulfonylurea,RXNORM,1175878,,,
1,Sulfonylurea,RXNORM,1175879,,,
1,Sulfonylurea,RXNORM,1175880,,,
1,Sulfonylurea,RXNORM,1175881,,,
1,Sulfonylurea,RXNORM,1176496,,,
1,Sulfonylurea,RXNORM,1176497,,,
1,Sulfonylurea,RXNORM,1177973,,,
1,Sulfonylurea,RXNORM,1177974,,,
1,Sulfonylurea,RXNORM,1178082,,,
1,Sulfonylurea,RXNORM,1178083,,,
1,Sulfonylurea,RXNORM,1179112,,,
1,Sulfonylurea,RXNORM,1179113,,,
1,Sulfonylurea,RXNORM,1183952,,,
1,Sulfonylurea,RXNORM,1183954,,,
1,Sulfonylurea,RXNORM,1183958,,,
1,Sulfonylurea,RXNORM,1185049,,,
1,Sulfonylurea,RXNORM,1185624,,,
1,Sulfonylurea,RXNORM,1309022,,,
1,Sulfonylurea,RXNORM,1361492,,,
1,Sulfonylurea,RXNORM,1361493,,,
1,Sulfonylurea,RXNORM,1361494,,,
1,Sulfonylurea,RXNORM,1361495,,,
1,Sulfonylurea,RXNORM,1384487,,,
1,Sulfonylurea,RXNORM,1428269,,,
1,Sulfonylurea,RXNORM,1741234,,,
1,AlGluInh,Names,,acarbose,,
1,AlGluInh,Names,,Precose,,
1,AlGluInh,Names,,Glucobay,,
1,AlGluInh,Names,,miglitol,,
1,AlGluInh,Names,,Glyset,,
1,AlGluInh,Names,,Voglibose,,
1,AlGluInh,Names,,Basen,,
1,AlGluInh,RXNORM,16681,,,
1,AlGluInh,RXNORM,30009,,,
1,AlGluInh,RXNORM,137665,,,
1,AlGluInh,RXNORM,151826,,,
1,AlGluInh,RXNORM,199149,,,
1,AlGluInh,RXNORM,199150,,,
1,AlGluInh,RXNORM,200132,,,
1,AlGluInh,RXNORM,205329,,,
1,AlGluInh,RXNORM,205330,,,
1,AlGluInh,RXNORM,205331,,,
1,AlGluInh,RXNORM,209247,,,
1,AlGluInh,RXNORM,209248,,,
1,AlGluInh,RXNORM,213170,,,
1,AlGluInh,RXNORM,213485,,,
1,AlGluInh,RXNORM,213486,,,
1,AlGluInh,RXNORM,213487,,,
1,AlGluInh,RXNORM,217372,,,
1,AlGluInh,RXNORM,315246,,,
1,AlGluInh,RXNORM,315247,,,
1,AlGluInh,RXNORM,315248,,,
1,AlGluInh,RXNORM,316304,,,
1,AlGluInh,RXNORM,316305,,,
1,AlGluInh,RXNORM,316306,,,
1,AlGluInh,RXNORM,368246,,,
1,AlGluInh,RXNORM,368300,,,
1,AlGluInh,RXNORM,370504,,,
1,AlGluInh,RXNORM,372926,,,
1,AlGluInh,RXNORM,569871,,,
1,AlGluInh,RXNORM,569872,,,
1,AlGluInh,RXNORM,573095,,,
1,AlGluInh,RXNORM,573373,,,
1,AlGluInh,RXNORM,573374,,,
1,AlGluInh,RXNORM,573375,,,
1,AlGluInh,RXNORM,1153649,,,
1,AlGluInh,RXNORM,1153650,,,
1,AlGluInh,RXNORM,1157268,,,
1,AlGluInh,RXNORM,1157269,,,
1,AlGluInh,RXNORM,1171936,,,
1,AlGluInh,RXNORM,1171937,,,
1,AlGluInh,RXNORM,1185237,,,
1,AlGluInh,RXNORM,1185238,,,
1,AlGluInh,RXNORM,1598393,,,
1,AlGluInh,RXNORM,1741321,,,
1,GLP1A,Names,,Lixisenatide,,
1,GLP1A,Names,,Adlyxin,,
1,GLP1A,Names,,Lyxumia,,
1,GLP1A,Names,,Albiglutide,,
1,GLP1A,Names,,Tanzeum,,
1,GLP1A,Names,,Eperzan,,
1,GLP1A,Names,,Dulaglutide,,
1,GLP1A,Names,,Trulicity,,
1,GLP1A,RXNORM,1440051,,,
1,GLP1A,RXNORM,1440052,,,
1,GLP1A,RXNORM,1440053,,,
1,GLP1A,RXNORM,1440056,,,
1,GLP1A,RXNORM,1534763,,,
1,GLP1A,RXNORM,1534797,,,
1,GLP1A,RXNORM,1534798,,,
1,GLP1A,RXNORM,1534800,,,
1,GLP1A,RXNORM,1534801,,,
1,GLP1A,RXNORM,1534802,,,
1,GLP1A,RXNORM,1534804,,,
1,GLP1A,RXNORM,1534805,,,
1,GLP1A,RXNORM,1534806,,,
1,GLP1A,RXNORM,1534807,,,
1,GLP1A,RXNORM,1534819,,,
1,GLP1A,RXNORM,1534820,,,
1,GLP1A,RXNORM,1534821,,,
1,GLP1A,RXNORM,1534822,,,
1,GLP1A,RXNORM,1534823,,,
1,GLP1A,RXNORM,1534824,,,
1,GLP1A,RXNORM,1551291,,,
1,GLP1A,RXNORM,1551292,,,
1,GLP1A,RXNORM,1551293,,,
1,GLP1A,RXNORM,1551295,,,
1,GLP1A,RXNORM,1551296,,,
1,GLP1A,RXNORM,1551297,,,
1,GLP1A,RXNORM,1551299,,,
1,GLP1A,RXNORM,1551300,,,
1,GLP1A,RXNORM,1551301,,,
1,GLP1A,RXNORM,1551302,,,
1,GLP1A,RXNORM,1551303,,,
1,GLP1A,RXNORM,1551304,,,
1,GLP1A,RXNORM,1551305,,,
1,GLP1A,RXNORM,1551306,,,
1,GLP1A,RXNORM,1551307,,,
1,GLP1A,RXNORM,1551308,,,
1,GLP1A,RXNORM,1593645,,,
1,GLP1A,RXNORM,1649584,,,
1,GLP1A,RXNORM,1649586,,,
1,GLP1A,RXNORM,1659115,,,
1,GLP1A,RXNORM,1659117,,,
1,GLP1A,RXNORM,1803885,,,
1,GLP1A,RXNORM,1803886,,,
1,GLP1A,RXNORM,1803887,,,
1,GLP1A,RXNORM,1803888,,,
1,GLP1A,RXNORM,1803889,,,
1,GLP1A,RXNORM,1803890,,,
1,GLP1A,RXNORM,1803891,,,
1,GLP1A,RXNORM,1803892,,,
1,GLP1A,RXNORM,1803893,,,
1,GLP1A,RXNORM,1803894,,,
1,GLP1A,RXNORM,1803895,,,
1,GLP1A,RXNORM,1803896,,,
1,GLP1A,RXNORM,1803897,,,
1,GLP1A,RXNORM,1803898,,,
1,GLP1A,RXNORM,1803902,,,
1,GLP1A,RXNORM,1803903,,,
1,DPIVInh,Names,,alogliptin,,
1,DPIVInh,Names,,Kazano,,
1,DPIVInh,Names,,Oseni,,
1,DPIVInh,Names,,Nesina,,
1,DPIVInh,Names,,Anagliptin,,
1,DPIVInh,Names,,Suiny,,
1,DPIVInh,Names,,linagliptin,,
1,DPIVInh,Names,,Jentadueto,,
1,DPIVInh,Names,,Jentadueto XR,,
1,DPIVInh,Names,,Glyxambi,,
1,DPIVInh,Names,,Tradjenta,,
1,DPIVInh,Names,,saxagliptin,,
1,DPIVInh,Names,,Kombiglyze XR,,this is combination of metformin-saxagliptin
1,DPIVInh,Names,,Onglyza,,
1,DPIVInh,Names,,sitagliptin,,
1,DPIVInh,Names,,Eucreas,,this is combination of metformin-vildagliptin
1,DPIVInh,Names,,Juvisync,,this is combination of sitagliptin-simvastatin
1,DPIVInh,Names,,Epistatin,,
1,DPIVInh,Names,,Synvinolin,,
1,DPIVInh,Names,,Zocor,,
1,DPIVInh,Names,,Janumet,,
1,DPIVInh,Names,,Janumet XR,,
1,DPIVInh,Names,,Januvia,,
1,DPIVInh,Names,,Teneligliptin,,
1,DPIVInh,Names,,Tenelia,,
1,DPIVInh,Names,,Vildagliptin,,
1,DPIVInh,Names,,Galvus,,
1,DPIVInh,Names,,Zomelis,,
1,DPIVInh,RXNORM,36567,,,
1,DPIVInh,RXNORM,104490,,,
1,DPIVInh,RXNORM,104491,,,
1,DPIVInh,RXNORM,152923,,,
1,DPIVInh,RXNORM,196503,,,
1,DPIVInh,RXNORM,208220,,,
1,DPIVInh,RXNORM,213319,,,
1,DPIVInh,RXNORM,368276,,,
1,DPIVInh,RXNORM,563653,,,
1,DPIVInh,RXNORM,563654,,,
1,DPIVInh,RXNORM,565109,,,
1,DPIVInh,RXNORM,568935,,,
1,DPIVInh,RXNORM,573220,,,
1,DPIVInh,RXNORM,593411,,,
1,DPIVInh,RXNORM,596554,,,
1,DPIVInh,RXNORM,621590,,,
1,DPIVInh,RXNORM,638596,,,
1,DPIVInh,RXNORM,665031,,,
1,DPIVInh,RXNORM,665032,,,
1,DPIVInh,RXNORM,665033,,,
1,DPIVInh,RXNORM,665034,,,
1,DPIVInh,RXNORM,665035,,,
1,DPIVInh,RXNORM,665036,,,
1,DPIVInh,RXNORM,665037,,,
1,DPIVInh,RXNORM,665038,,,
1,DPIVInh,RXNORM,665039,,,
1,DPIVInh,RXNORM,665040,,,
1,DPIVInh,RXNORM,665041,,,
1,DPIVInh,RXNORM,665042,,,
1,DPIVInh,RXNORM,665043,,,
1,DPIVInh,RXNORM,665044,,,
1,DPIVInh,RXNORM,669475,,,
1,DPIVInh,RXNORM,700516,,,
1,DPIVInh,RXNORM,729717,,,
1,DPIVInh,RXNORM,757603,,,
1,DPIVInh,RXNORM,757708,,,
1,DPIVInh,RXNORM,757709,,,
1,DPIVInh,RXNORM,757710,,,
1,DPIVInh,RXNORM,757711,,,
1,DPIVInh,RXNORM,757712,,,
1,DPIVInh,RXNORM,857974,,,
1,DPIVInh,RXNORM,858034,,,
1,DPIVInh,RXNORM,858035,,,
1,DPIVInh,RXNORM,858036,,,
1,DPIVInh,RXNORM,858037,,,
1,DPIVInh,RXNORM,858038,,,
1,DPIVInh,RXNORM,858039,,,
1,DPIVInh,RXNORM,858040,,,
1,DPIVInh,RXNORM,858041,,,
1,DPIVInh,RXNORM,858042,,,
1,DPIVInh,RXNORM,858043,,,
1,DPIVInh,RXNORM,858044,,,
1,DPIVInh,RXNORM,861769,,,
1,DPIVInh,RXNORM,861770,,,
1,DPIVInh,RXNORM,861771,,,
1,DPIVInh,RXNORM,861819,,,
1,DPIVInh,RXNORM,861820,,,
1,DPIVInh,RXNORM,861821,,,
1,DPIVInh,RXNORM,1043560,,,
1,DPIVInh,RXNORM,1043561,,,
1,DPIVInh,RXNORM,1043562,,,
1,DPIVInh,RXNORM,1043563,,,
1,DPIVInh,RXNORM,1043565,,,
1,DPIVInh,RXNORM,1043566,,,
1,DPIVInh,RXNORM,1043567,,,
1,DPIVInh,RXNORM,1043568,,,
1,DPIVInh,RXNORM,1043569,,,
1,DPIVInh,RXNORM,1043570,,,
1,DPIVInh,RXNORM,1043572,,,
1,DPIVInh,RXNORM,1043574,,,
1,DPIVInh,RXNORM,1043575,,,
1,DPIVInh,RXNORM,1043576,,,
1,DPIVInh,RXNORM,1043578,,,
1,DPIVInh,RXNORM,1043580,,,
1,DPIVInh,RXNORM,1043582,,,
1,DPIVInh,RXNORM,1043583,,,
1,DPIVInh,RXNORM,1043584,,,
1,DPIVInh,RXNORM,1048346,,,
1,DPIVInh,RXNORM,1100699,,,
1,DPIVInh,RXNORM,1100700,,,
1,DPIVInh,RXNORM,1100701,,,
1,DPIVInh,RXNORM,1100702,,,
1,DPIVInh,RXNORM,1100703,,,
1,DPIVInh,RXNORM,1100704,,,
1,DPIVInh,RXNORM,1100705,,,
1,DPIVInh,RXNORM,1100706,,,
1,DPIVInh,RXNORM,1128666,,,
1,DPIVInh,RXNORM,1130631,,,
1,DPIVInh,RXNORM,1132606,,,
1,DPIVInh,RXNORM,1145961,,,
1,DPIVInh,RXNORM,1158518,,,
1,DPIVInh,RXNORM,1158519,,,
1,DPIVInh,RXNORM,1159662,,,
1,DPIVInh,RXNORM,1159663,,,
1,DPIVInh,RXNORM,1161605,,,
1,DPIVInh,RXNORM,1161606,,,
1,DPIVInh,RXNORM,1161607,,,
1,DPIVInh,RXNORM,1161608,,,
1,DPIVInh,RXNORM,1164580,,,
1,DPIVInh,RXNORM,1164581,,,
1,DPIVInh,RXNORM,1164670,,,
1,DPIVInh,RXNORM,1164671,,,
1,DPIVInh,RXNORM,1167810,,,
1,DPIVInh,RXNORM,1167811,,,
1,DPIVInh,RXNORM,1167814,,,
1,DPIVInh,RXNORM,1167815,,,
1,DPIVInh,RXNORM,1179163,,,
1,DPIVInh,RXNORM,1179164,,,
1,DPIVInh,RXNORM,1181729,,,
1,DPIVInh,RXNORM,1181730,,,
1,DPIVInh,RXNORM,1187973,,,
1,DPIVInh,RXNORM,1187974,,,
1,DPIVInh,RXNORM,1189800,,,
1,DPIVInh,RXNORM,1189801,,,
1,DPIVInh,RXNORM,1189802,,,
1,DPIVInh,RXNORM,1189803,,,
1,DPIVInh,RXNORM,1189804,,,
1,DPIVInh,RXNORM,1189806,,,
1,DPIVInh,RXNORM,1189808,,,
1,DPIVInh,RXNORM,1189810,,,
1,DPIVInh,RXNORM,1189811,,,
1,DPIVInh,RXNORM,1189812,,,
1,DPIVInh,RXNORM,1189813,,,
1,DPIVInh,RXNORM,1189814,,,
1,DPIVInh,RXNORM,1189818,,,
1,DPIVInh,RXNORM,1189821,,,
1,DPIVInh,RXNORM,1189823,,,
1,DPIVInh,RXNORM,1189827,,,
1,DPIVInh,RXNORM,1243015,,,
1,DPIVInh,RXNORM,1243016,,,
1,DPIVInh,RXNORM,1243017,,,
1,DPIVInh,RXNORM,1243018,,,
1,DPIVInh,RXNORM,1243019,,,
1,DPIVInh,RXNORM,1243020,,,
1,DPIVInh,RXNORM,1243022,,,
1,DPIVInh,RXNORM,1243026,,,
1,DPIVInh,RXNORM,1243027,,,
1,DPIVInh,RXNORM,1243029,,,
1,DPIVInh,RXNORM,1243033,,,
1,DPIVInh,RXNORM,1243034,,,
1,DPIVInh,RXNORM,1243036,,,
1,DPIVInh,RXNORM,1243037,,,
1,DPIVInh,RXNORM,1243038,,,
1,DPIVInh,RXNORM,1243039,,,
1,DPIVInh,RXNORM,1243040,,,
1,DPIVInh,RXNORM,1243826,,,
1,DPIVInh,RXNORM,1243827,,,
1,DPIVInh,RXNORM,1243829,,,
1,DPIVInh,RXNORM,1243833,,,
1,DPIVInh,RXNORM,1243834,,,
1,DPIVInh,RXNORM,1243835,,,
1,DPIVInh,RXNORM,1243839,,,
1,DPIVInh,RXNORM,1243842,,,
1,DPIVInh,RXNORM,1243843,,,
1,DPIVInh,RXNORM,1243844,,,
1,DPIVInh,RXNORM,1243845,,,
1,DPIVInh,RXNORM,1243846,,,
1,DPIVInh,RXNORM,1243848,,,
1,DPIVInh,RXNORM,1243849,,,
1,DPIVInh,RXNORM,1243850,,,
1,DPIVInh,RXNORM,1312409,,,
1,DPIVInh,RXNORM,1312411,,,
1,DPIVInh,RXNORM,1312415,,,
1,DPIVInh,RXNORM,1312416,,,
1,DPIVInh,RXNORM,1312418,,,
1,DPIVInh,RXNORM,1312422,,,
1,DPIVInh,RXNORM,1312423,,,
1,DPIVInh,RXNORM,1312425,,,
1,DPIVInh,RXNORM,1312429,,,
1,DPIVInh,RXNORM,1365802,,,
1,DPIVInh,RXNORM,1368000,,,
1,DPIVInh,RXNORM,1368001,,,
1,DPIVInh,RXNORM,1368002,,,
1,DPIVInh,RXNORM,1368003,,,
1,DPIVInh,RXNORM,1368004,,,
1,DPIVInh,RXNORM,1368005,,,
1,DPIVInh,RXNORM,1368006,,,
1,DPIVInh,RXNORM,1368007,,,
1,DPIVInh,RXNORM,1368008,,,
1,DPIVInh,RXNORM,1368009,,,
1,DPIVInh,RXNORM,1368010,,,
1,DPIVInh,RXNORM,1368011,,,
1,DPIVInh,RXNORM,1368012,,,
1,DPIVInh,RXNORM,1368017,,,
1,DPIVInh,RXNORM,1368018,,,
1,DPIVInh,RXNORM,1368019,,,
1,DPIVInh,RXNORM,1368020,,,
1,DPIVInh,RXNORM,1368033,,,
1,DPIVInh,RXNORM,1368034,,,
1,DPIVInh,RXNORM,1368035,,,
1,DPIVInh,RXNORM,1368036,,,
1,DPIVInh,RXNORM,1368381,,,
1,DPIVInh,RXNORM,1368382,,,
1,DPIVInh,RXNORM,1368383,,,
1,DPIVInh,RXNORM,1368384,,,
1,DPIVInh,RXNORM,1368385,,,
1,DPIVInh,RXNORM,1368387,,,
1,DPIVInh,RXNORM,1368391,,,
1,DPIVInh,RXNORM,1368392,,,
1,DPIVInh,RXNORM,1368394,,,
1,DPIVInh,RXNORM,1368395,,,
1,DPIVInh,RXNORM,1368396,,,
1,DPIVInh,RXNORM,1368397,,,
1,DPIVInh,RXNORM,1368398,,,
1,DPIVInh,RXNORM,1368399,,,
1,DPIVInh,RXNORM,1368400,,,
1,DPIVInh,RXNORM,1368401,,,
1,DPIVInh,RXNORM,1368402,,,
1,DPIVInh,RXNORM,1368403,,,
1,DPIVInh,RXNORM,1368405,,,
1,DPIVInh,RXNORM,1368409,,,
1,DPIVInh,RXNORM,1368410,,,
1,DPIVInh,RXNORM,1368412,,,
1,DPIVInh,RXNORM,1368416,,,
1,DPIVInh,RXNORM,1368417,,,
1,DPIVInh,RXNORM,1368419,,,
1,DPIVInh,RXNORM,1368423,,,
1,DPIVInh,RXNORM,1368424,,,
1,DPIVInh,RXNORM,1368426,,,
1,DPIVInh,RXNORM,1368430,,,
1,DPIVInh,RXNORM,1368431,,,
1,DPIVInh,RXNORM,1368433,,,
1,DPIVInh,RXNORM,1368434,,,
1,DPIVInh,RXNORM,1368435,,,
1,DPIVInh,RXNORM,1368436,,,
1,DPIVInh,RXNORM,1368437,,,
1,DPIVInh,RXNORM,1368438,,,
1,DPIVInh,RXNORM,1368440,,,
1,DPIVInh,RXNORM,1368444,,,
1,DPIVInh,RXNORM,1372692,,,
1,DPIVInh,RXNORM,1372706,,,
1,DPIVInh,RXNORM,1372717,,,
1,DPIVInh,RXNORM,1372738,,,
1,DPIVInh,RXNORM,1372754,,,
1,DPIVInh,RXNORM,1431025,,,
1,DPIVInh,RXNORM,1431048,,,
1,DPIVInh,RXNORM,1546030,,,
1,DPIVInh,RXNORM,1598392,,,
1,DPIVInh,RXNORM,1602106,,,
1,DPIVInh,RXNORM,1602107,,,
1,DPIVInh,RXNORM,1602108,,,
1,DPIVInh,RXNORM,1602109,,,
1,DPIVInh,RXNORM,1602110,,,
1,DPIVInh,RXNORM,1602111,,,
1,DPIVInh,RXNORM,1602112,,,
1,DPIVInh,RXNORM,1602113,,,
1,DPIVInh,RXNORM,1602114,,,
1,DPIVInh,RXNORM,1602115,,,
1,DPIVInh,RXNORM,1602118,,,
1,DPIVInh,RXNORM,1602119,,,
1,DPIVInh,RXNORM,1602120,,,
1,DPIVInh,RXNORM,1692194,,,
1,DPIVInh,RXNORM,1727500,,,
1,DPIVInh,RXNORM,1741248,,,
1,DPIVInh,RXNORM,1741249,,,
1,DPIVInh,RXNORM,1791055,,,
1,DPIVInh,RXNORM,1796088,,,
1,DPIVInh,RXNORM,1796089,,,
1,DPIVInh,RXNORM,1796090,,,
1,DPIVInh,RXNORM,1796091,,,
1,DPIVInh,RXNORM,1796092,,,
1,DPIVInh,RXNORM,1796093,,,
1,DPIVInh,RXNORM,1796094,,,
1,DPIVInh,RXNORM,1796095,,,
1,DPIVInh,RXNORM,1796096,,,
1,DPIVInh,RXNORM,1796097,,,
1,DPIVInh,RXNORM,1796098,,,
1,DPIVInh,RXNORM,1803420,,,
1,Meglitinide,Names,,nateglinide,,
1,Meglitinide,Names,,Starlix,,
1,Meglitinide,Names,,Prandin,,
1,Meglitinide,Names,,NovoNorm,,
1,Meglitinide,RXNORM,213218,,,
1,Meglitinide,RXNORM,213219,,,
1,Meglitinide,RXNORM,213220,,,
1,Meglitinide,RXNORM,219335,,,
1,Meglitinide,RXNORM,226911,,,
1,Meglitinide,RXNORM,226912,,,
1,Meglitinide,RXNORM,226913,,,
1,Meglitinide,RXNORM,226914,,,
1,Meglitinide,RXNORM,274332,,,
1,Meglitinide,RXNORM,284529,,,
1,Meglitinide,RXNORM,284530,,,
1,Meglitinide,RXNORM,311919,,,
1,Meglitinide,RXNORM,314142,,,
1,Meglitinide,RXNORM,330385,,,
1,Meglitinide,RXNORM,330386,,,
1,Meglitinide,RXNORM,368289,,,
1,Meglitinide,RXNORM,374648,,,
1,Meglitinide,RXNORM,389139,,,
1,Meglitinide,RXNORM,393408,,,
1,Meglitinide,RXNORM,402943,,,
1,Meglitinide,RXNORM,402944,,,
1,Meglitinide,RXNORM,402959,,,
1,Meglitinide,RXNORM,430491,,,
1,Meglitinide,RXNORM,430492,,,
1,Meglitinide,RXNORM,446631,,,
1,Meglitinide,RXNORM,446632,,,
1,Meglitinide,RXNORM,573136,,,
1,Meglitinide,RXNORM,573137,,,
1,Meglitinide,RXNORM,573138,,,
1,Meglitinide,RXNORM,574042,,,
1,Meglitinide,RXNORM,574043,,,
1,Meglitinide,RXNORM,574044,,,
1,Meglitinide,RXNORM,574957,,,
1,Meglitinide,RXNORM,574958,,,
1,Meglitinide,RXNORM,1158396,,,
1,Meglitinide,RXNORM,1158397,,,
1,Meglitinide,RXNORM,1178121,,,
1,Meglitinide,RXNORM,1178122,,,
1,Meglitinide,RXNORM,1178433,,,
1,Meglitinide,RXNORM,1178434,,,
1,Meglitinide,RXNORM,1184631,,,
1,Meglitinide,RXNORM,1184632,,,
1,Amyl,Names,,Pramlintide,,
1,Amyl,Names,,Symlin,,
1,Amyl,Names,,SymlinPen 120,,
1,Amyl,Names,,SymlinPen 60,,
1,Amylinomimetics,RXNORM,139953,,,
1,Amylinomimetics,RXNORM,356773,,,
1,Amylinomimetics,RXNORM,356774,,,
1,Amylinomimetics,RXNORM,486505,,,
1,Amylinomimetics,RXNORM,582702,,,
1,Amylinomimetics,RXNORM,607296,,,
1,Amylinomimetics,RXNORM,753370,,,
1,Amylinomimetics,RXNORM,753371,,,
1,Amylinomimetics,RXNORM,759000,,,
1,Amylinomimetics,RXNORM,861034,,,
1,Amylinomimetics,RXNORM,861036,,,
1,Amylinomimetics,RXNORM,861038,,,
1,Amylinomimetics,RXNORM,861039,,,
1,Amylinomimetics,RXNORM,861040,,,
1,Amylinomimetics,RXNORM,861041,,,
1,Amylinomimetics,RXNORM,861042,,,
1,Amylinomimetics,RXNORM,861043,,,
1,Amylinomimetics,RXNORM,861044,,,
1,Amylinomimetics,RXNORM,861045,,,
1,Amylinomimetics,RXNORM,1161690,,,
1,Amylinomimetics,RXNORM,1185508,,,
1,Amylinomimetics,RXNORM,1360096,,,
1,Amylinomimetics,RXNORM,1360184,,,
1,Amylinomimetics,RXNORM,1657563,,,
1,Amylinomimetics,RXNORM,1657565,,,
1,Amylinomimetics,RXNORM,1657792,,,
1,Insulin,Names,,Insulin aspart,,
1,Insulin,Names,,NovoLog,,
1,Insulin,Names,,Insulin glulisine,,
1,Insulin,Names,,Apidra,,
1,Insulin,Names,,Insulin lispro,,
1,Insulin,Names,,Humalog,,
1,Insulin,Names,,Insulin inhaled,,
1,Insulin,Names,,Afrezza,,
1,Insulin,Names,,Regular insulin,,
1,Insulin,Names,,Humulin R,,
1,Insulin,Names,,Novolin R,,
1,Insulin,Names,,Insulin NPH,,
1,Insulin,Names,,Humulin N,,
1,Insulin,Names,,Novolin N,,
1,Insulin,Names,,Insulin detemir,,
1,Insulin,Names,,Levemir,,
1,Insulin,Names,,Insulin glargine,,
1,Insulin,Names,,Lantus,,
1,Insulin,Names,,Lantus SoloStar,,
1,Insulin,Names,,Toujeo,,
1,Insulin,Names,,Basaglar,,
1,Insulin,Names,,Insulin degludec,,
1,Insulin,Names,,Tresiba,,
1,Insulin,Names,,Insulin aspart protamine,,
1,Insulin,Names,,Insulin aspart,,
1,Insulin,Names,,Actrapid,,
1,Insulin,Names,,Hypurin,,
1,Insulin,Names,,Iletin,,
1,Insulin,Names,,Insulatard,,
1,Insulin,Names,,Insuman,,
1,Insulin,Names,,Mixtard,,
1,Insulin,Names,,NovoMix,,
1,Insulin,Names,,NovoRapid,,
1,Insulin,Names,,Oralin,,
1,Insulin,Names,,Abasaglar,,
1,Insulin,Names,,V-go,,
1,Insulin,Names,,Ryzodeg,,
1,Insulin,Names,,Insulin lispro protamine,,
1,Insulin,Names,,insulin lispro,,
1,Insulin,RXNORM,5856,,,
1,Insulin,RXNORM,6926,,,
1,Insulin,RXNORM,51428,,,
1,Insulin,RXNORM,86009,,,
1,Insulin,RXNORM,92880,,,
1,Insulin,RXNORM,92881,,,
1,Insulin,RXNORM,92942,,,
1,Insulin,RXNORM,93398,,,
1,Insulin,RXNORM,93558,,,
1,Insulin,RXNORM,93560,,,
1,Insulin,RXNORM,106888,,,
1,Insulin,RXNORM,106889,,,
1,Insulin,RXNORM,106891,,,
1,Insulin,RXNORM,106892,,,
1,Insulin,RXNORM,106894,,,
1,Insulin,RXNORM,106895,,,
1,Insulin,RXNORM,106896,,,
1,Insulin,RXNORM,106899,,,
1,Insulin,RXNORM,106900,,,
1,Insulin,RXNORM,106901,,,
1,Insulin,RXNORM,108407,,,
1,Insulin,RXNORM,108813,,,
1,Insulin,RXNORM,108814,,,
1,Insulin,RXNORM,108815,,,
1,Insulin,RXNORM,108816,,,
1,Insulin,RXNORM,108822,,,
1,Insulin,RXNORM,135805,,,
1,Insulin,RXNORM,139825,,,
1,Insulin,RXNORM,142138,,,
1,Insulin,RXNORM,150659,,,
1,Insulin,RXNORM,150831,,,
1,Insulin,RXNORM,150973,,,
1,Insulin,RXNORM,150974,,,
1,Insulin,RXNORM,150978,,,
1,Insulin,RXNORM,152598,,,
1,Insulin,RXNORM,152599,,,
1,Insulin,RXNORM,152602,,,
1,Insulin,RXNORM,152640,,,
1,Insulin,RXNORM,152644,,,
1,Insulin,RXNORM,152647,,,
1,Insulin,RXNORM,153383,,,
1,Insulin,RXNORM,153384,,,
1,Insulin,RXNORM,153386,,,
1,Insulin,RXNORM,153389,,,
1,Insulin,RXNORM,154992,,,
1,Insulin,RXNORM,203209,,,
1,Insulin,RXNORM,213442,,,
1,Insulin,RXNORM,217704,,,
1,Insulin,RXNORM,217705,,,
1,Insulin,RXNORM,217706,,,
1,Insulin,RXNORM,217707,,,
1,Insulin,RXNORM,217708,,,
1,Insulin,RXNORM,225569,,,
1,Insulin,RXNORM,226290,,,
1,Insulin,RXNORM,226291,,,
1,Insulin,RXNORM,226292,,,
1,Insulin,RXNORM,226293,,,
1,Insulin,RXNORM,226294,,,
1,Insulin,RXNORM,242120,,,
1,Insulin,RXNORM,245264,,,
1,Insulin,RXNORM,245265,,,
1,Insulin,RXNORM,247511,,,
1,Insulin,RXNORM,247512,,,
1,Insulin,RXNORM,247513,,,
1,Insulin,RXNORM,249026,,,
1,Insulin,RXNORM,249220,,,
1,Insulin,RXNORM,253181,,,
1,Insulin,RXNORM,253182,,,
1,Insulin,RXNORM,259111,,,
1,Insulin,RXNORM,260265,,,
1,Insulin,RXNORM,261111,,,
1,Insulin,RXNORM,261112,,,
1,Insulin,RXNORM,261420,,,
1,Insulin,RXNORM,261542,,,
1,Insulin,RXNORM,261551,,,
1,Insulin,RXNORM,274783,,,
1,Insulin,RXNORM,284810,,,
1,Insulin,RXNORM,285018,,,
1,Insulin,RXNORM,307383,,,
1,Insulin,RXNORM,311021,,,
1,Insulin,RXNORM,311026,,,
1,Insulin,RXNORM,311027,,,
1,Insulin,RXNORM,311028,,,
1,Insulin,RXNORM,311030,,,
1,Insulin,RXNORM,311033,,,
1,Insulin,RXNORM,311034,,,
1,Insulin,RXNORM,311035,,,
1,Insulin,RXNORM,311036,,,
1,Insulin,RXNORM,311040,,,
1,Insulin,RXNORM,311041,,,
1,Insulin,RXNORM,311048,,,
1,Insulin,RXNORM,311049,,,
1,Insulin,RXNORM,311051,,,
1,Insulin,RXNORM,311052,,,
1,Insulin,RXNORM,311059,,,
1,Insulin,RXNORM,314684,,,
1,Insulin,RXNORM,340325,,,
1,Insulin,RXNORM,340326,,,
1,Insulin,RXNORM,340327,,,
1,Insulin,RXNORM,343076,,,
1,Insulin,RXNORM,343083,,,
1,Insulin,RXNORM,343226,,,
1,Insulin,RXNORM,343258,,,
1,Insulin,RXNORM,343263,,,
1,Insulin,RXNORM,343663,,,
1,Insulin,RXNORM,349670,,,
1,Insulin,RXNORM,351297,,,
1,Insulin,RXNORM,351857,,,
1,Insulin,RXNORM,351858,,,
1,Insulin,RXNORM,351859,,,
1,Insulin,RXNORM,351860,,,
1,Insulin,RXNORM,351861,,,
1,Insulin,RXNORM,351862,,,
1,Insulin,RXNORM,351926,,,
1,Insulin,RXNORM,352385,,,
1,Insulin,RXNORM,352386,,,
1,Insulin,RXNORM,359125,,,
1,Insulin,RXNORM,359126,,,
1,Insulin,RXNORM,359127,,,
1,Insulin,RXNORM,360894,,,
1,Insulin,RXNORM,362585,,,
1,Insulin,RXNORM,362622,,,
1,Insulin,RXNORM,362777,,,
1,Insulin,RXNORM,363120,,,
1,Insulin,RXNORM,363150,,,
1,Insulin,RXNORM,363221,,,
1,Insulin,RXNORM,363534,,,
1,Insulin,RXNORM,365573,,,
1,Insulin,RXNORM,365583,,,
1,Insulin,RXNORM,365668,,,
1,Insulin,RXNORM,365670,,,
1,Insulin,RXNORM,365672,,,
1,Insulin,RXNORM,365674,,,
1,Insulin,RXNORM,365677,,,
1,Insulin,RXNORM,365679,,,
1,Insulin,RXNORM,365680,,,
1,Insulin,RXNORM,366206,,,
1,Insulin,RXNORM,372909,,,
1,Insulin,RXNORM,372910,,,
1,Insulin,RXNORM,375170,,,
1,Insulin,RXNORM,376915,,,
1,Insulin,RXNORM,378841,,,
1,Insulin,RXNORM,378857,,,
1,Insulin,RXNORM,378864,,,
1,Insulin,RXNORM,378966,,,
1,Insulin,RXNORM,379734,,,
1,Insulin,RXNORM,379740,,,
1,Insulin,RXNORM,379744,,,
1,Insulin,RXNORM,379745,,,
1,Insulin,RXNORM,379746,,,
1,Insulin,RXNORM,379747,,,
1,Insulin,RXNORM,379750,,,
1,Insulin,RXNORM,379756,,,
1,Insulin,RXNORM,379757,,,
1,Insulin,RXNORM,384982,,,
1,Insulin,RXNORM,385896,,,
1,Insulin,RXNORM,386083,,,
1,Insulin,RXNORM,386084,,,
1,Insulin,RXNORM,386086,,,
1,Insulin,RXNORM,386087,,,
1,Insulin,RXNORM,386088,,,
1,Insulin,RXNORM,386089,,,
1,Insulin,RXNORM,386091,,,
1,Insulin,RXNORM,386092,,,
1,Insulin,RXNORM,386098,,,
1,Insulin,RXNORM,388513,,,
1,Insulin,RXNORM,392660,,,
1,Insulin,RXNORM,400008,,,
1,Insulin,RXNORM,400560,,,
1,Insulin,RXNORM,405228,,,
1,Insulin,RXNORM,412453,,,
1,Insulin,RXNORM,412978,,,
1,Insulin,RXNORM,415088,,,
1,Insulin,RXNORM,415089,,,
1,Insulin,RXNORM,415090,,,
1,Insulin,RXNORM,415184,,,
1,Insulin,RXNORM,415185,,,
1,Insulin,RXNORM,440399,,,
1,Insulin,RXNORM,440650,,,
1,Insulin,RXNORM,440653,,,
1,Insulin,RXNORM,440654,,,
1,Insulin,RXNORM,451437,,,
1,Insulin,RXNORM,451439,,,
1,Insulin,RXNORM,466467,,,
1,Insulin,RXNORM,466468,,,
1,Insulin,RXNORM,467015,,,
1,Insulin,RXNORM,484320,,,
1,Insulin,RXNORM,484321,,,
1,Insulin,RXNORM,484322,,,
1,Insulin,RXNORM,485210,,,
1,Insulin,RXNORM,564390,,,
1,Insulin,RXNORM,564391,,,
1,Insulin,RXNORM,564392,,,
1,Insulin,RXNORM,564395,,,
1,Insulin,RXNORM,564396,,,
1,Insulin,RXNORM,564397,,,
1,Insulin,RXNORM,564399,,,
1,Insulin,RXNORM,564400,,,
1,Insulin,RXNORM,564401,,,
1,Insulin,RXNORM,564531,,,
1,Insulin,RXNORM,564601,,,
1,Insulin,RXNORM,564602,,,
1,Insulin,RXNORM,564603,,,
1,Insulin,RXNORM,564605,,,
1,Insulin,RXNORM,564766,,,
1,Insulin,RXNORM,564820,,,
1,Insulin,RXNORM,564881,,,
1,Insulin,RXNORM,564882,,,
1,Insulin,RXNORM,564885,,,
1,Insulin,RXNORM,564994,,,
1,Insulin,RXNORM,564995,,,
1,Insulin,RXNORM,564998,,,
1,Insulin,RXNORM,565176,,,
1,Insulin,RXNORM,565253,,,
1,Insulin,RXNORM,565254,,,
1,Insulin,RXNORM,565255,,,
1,Insulin,RXNORM,565256,,,
1,Insulin,RXNORM,573330,,,
1,Insulin,RXNORM,573331,,,
1,Insulin,RXNORM,574358,,,
1,Insulin,RXNORM,574359,,,
1,Insulin,RXNORM,575068,,,
1,Insulin,RXNORM,575137,,,
1,Insulin,RXNORM,575141,,,
1,Insulin,RXNORM,575142,,,
1,Insulin,RXNORM,575143,,,
1,Insulin,RXNORM,575146,,,
1,Insulin,RXNORM,575147,,,
1,Insulin,RXNORM,575148,,,
1,Insulin,RXNORM,575151,,,
1,Insulin,RXNORM,575626,,,
1,Insulin,RXNORM,575627,,,
1,Insulin,RXNORM,575628,,,
1,Insulin,RXNORM,575629,,,
1,Insulin,RXNORM,575679,,,
1,Insulin,RXNORM,607583,,,
1,Insulin,RXNORM,615900,,,
1,Insulin,RXNORM,615908,,,
1,Insulin,RXNORM,615909,,,
1,Insulin,RXNORM,615910,,,
1,Insulin,RXNORM,615992,,,
1,Insulin,RXNORM,616236,,,
1,Insulin,RXNORM,616237,,,
1,Insulin,RXNORM,616238,,,
1,Insulin,RXNORM,633703,,,
1,Insulin,RXNORM,636227,,,
1,Insulin,RXNORM,658226,,,
1,Insulin,RXNORM,668934,,,
1,Insulin,RXNORM,723550,,,
1,Insulin,RXNORM,724231,,,
1,Insulin,RXNORM,724343,,,
1,Insulin,RXNORM,727907,,,
1,Insulin,RXNORM,728543,,,
1,Insulin,RXNORM,731277,,,
1,Insulin,RXNORM,731280,,,
1,Insulin,RXNORM,731281,,,
1,Insulin,RXNORM,752386,,,
1,Insulin,RXNORM,752388,,,
1,Insulin,RXNORM,761522,,,
1,Insulin,RXNORM,796006,,,
1,Insulin,RXNORM,796386,,,
1,Insulin,RXNORM,801808,,,
1,Insulin,RXNORM,803192,,,
1,Insulin,RXNORM,803193,,,
1,Insulin,RXNORM,803194,,,
1,Insulin,RXNORM,816726,,,
1,Insulin,RXNORM,834989,,,
1,Insulin,RXNORM,834990,,,
1,Insulin,RXNORM,834992,,,
1,Insulin,RXNORM,835225,,,
1,Insulin,RXNORM,835226,,,
1,Insulin,RXNORM,835227,,,
1,Insulin,RXNORM,835228,,,
1,Insulin,RXNORM,835868,,,
1,Insulin,RXNORM,847186,,,
1,Insulin,RXNORM,847187,,,
1,Insulin,RXNORM,847188,,,
1,Insulin,RXNORM,847189,,,
1,Insulin,RXNORM,847191,,,
1,Insulin,RXNORM,847194,,,
1,Insulin,RXNORM,847198,,,
1,Insulin,RXNORM,847199,,,
1,Insulin,RXNORM,847200,,,
1,Insulin,RXNORM,847201,,,
1,Insulin,RXNORM,847202,,,
1,Insulin,RXNORM,847203,,,
1,Insulin,RXNORM,847204,,,
1,Insulin,RXNORM,847205,,,
1,Insulin,RXNORM,847211,,,
1,Insulin,RXNORM,847213,,,
1,Insulin,RXNORM,847230,,,
1,Insulin,RXNORM,847232,,,
1,Insulin,RXNORM,847239,,,
1,Insulin,RXNORM,847241,,,
1,Insulin,RXNORM,847252,,,
1,Insulin,RXNORM,847254,,,
1,Insulin,RXNORM,847256,,,
1,Insulin,RXNORM,847257,,,
1,Insulin,RXNORM,847259,,,
1,Insulin,RXNORM,847261,,,
1,Insulin,RXNORM,847278,,,
1,Insulin,RXNORM,847279,,,
1,Insulin,RXNORM,847343,,,
1,Insulin,RXNORM,847417,,,
1,Insulin,RXNORM,849095,,,
1,Insulin,RXNORM,865097,,,
1,Insulin,RXNORM,865098,,,
1,Insulin,RXNORM,977838,,,
1,Insulin,RXNORM,977840,,,
1,Insulin,RXNORM,977841,,,
1,Insulin,RXNORM,977842,,,
1,Insulin,RXNORM,1008501,,,
1,Insulin,RXNORM,1045051,,,
1,Insulin,RXNORM,1069670,,,
1,Insulin,RXNORM,1087799,,,
1,Insulin,RXNORM,1087800,,,
1,Insulin,RXNORM,1087801,,,
1,Insulin,RXNORM,1087802,,,
1,Insulin,RXNORM,1132383,,,
1,Insulin,RXNORM,1136628,,,
1,Insulin,RXNORM,1136712,,,
1,Insulin,RXNORM,1140739,,,
1,Insulin,RXNORM,1140763,,,
1,Insulin,RXNORM,1157459,,,
1,Insulin,RXNORM,1157460,,,
1,Insulin,RXNORM,1157461,,,
1,Insulin,RXNORM,1160696,,,
1,Insulin,RXNORM,1164093,,,
1,Insulin,RXNORM,1164094,,,
1,Insulin,RXNORM,1164095,,,
1,Insulin,RXNORM,1164824,,,
1,Insulin,RXNORM,1167138,,,
1,Insulin,RXNORM,1167139,,,
1,Insulin,RXNORM,1167140,,,
1,Insulin,RXNORM,1167141,,,
1,Insulin,RXNORM,1167142,,,
1,Insulin,RXNORM,1167934,,,
1,Insulin,RXNORM,1168563,,,
1,Insulin,RXNORM,1171289,,,
1,Insulin,RXNORM,1171291,,,
1,Insulin,RXNORM,1171292,,,
1,Insulin,RXNORM,1171293,,,
1,Insulin,RXNORM,1171295,,,
1,Insulin,RXNORM,1171296,,,
1,Insulin,RXNORM,1172691,,,
1,Insulin,RXNORM,1172692,,,
1,Insulin,RXNORM,1175624,,,
1,Insulin,RXNORM,1176722,,,
1,Insulin,RXNORM,1176723,,,
1,Insulin,RXNORM,1176724,,,
1,Insulin,RXNORM,1176725,,,
1,Insulin,RXNORM,1176726,,,
1,Insulin,RXNORM,1176727,,,
1,Insulin,RXNORM,1176728,,,
1,Insulin,RXNORM,1177009,,,
1,Insulin,RXNORM,1178119,,,
1,Insulin,RXNORM,1178120,,,
1,Insulin,RXNORM,1178127,,,
1,Insulin,RXNORM,1178128,,,
1,Insulin,RXNORM,1183426,,,
1,Insulin,RXNORM,1183427,,,
1,Insulin,RXNORM,1184075,,,
1,Insulin,RXNORM,1184076,,,
1,Insulin,RXNORM,1184077,,,
1,Insulin,RXNORM,1246223,,,
1,Insulin,RXNORM,1246224,,,
1,Insulin,RXNORM,1246225,,,
1,Insulin,RXNORM,1246697,,,
1,Insulin,RXNORM,1246698,,,
1,Insulin,RXNORM,1246699,,,
1,Insulin,RXNORM,1260529,,,
1,Insulin,RXNORM,1295992,,,
1,Insulin,RXNORM,1296093,,,
1,Insulin,RXNORM,1309028,,,
1,Insulin,RXNORM,1359484,,,
1,Insulin,RXNORM,1359581,,,
1,Insulin,RXNORM,1359684,,,
1,Insulin,RXNORM,1359700,,,
1,Insulin,RXNORM,1359712,,,
1,Insulin,RXNORM,1359719,,,
1,Insulin,RXNORM,1359720,,,
1,Insulin,RXNORM,1359855,,,
1,Insulin,RXNORM,1359856,,,
1,Insulin,RXNORM,1359934,,,
1,Insulin,RXNORM,1359936,,,
1,Insulin,RXNORM,1360036,,,
1,Insulin,RXNORM,1360058,,,
1,Insulin,RXNORM,1360172,,,
1,Insulin,RXNORM,1360226,,,
1,Insulin,RXNORM,1360281,,,
1,Insulin,RXNORM,1360383,,,
1,Insulin,RXNORM,1360435,,,
1,Insulin,RXNORM,1360482,,,
1,Insulin,RXNORM,1362705,,,
1,Insulin,RXNORM,1362706,,,
1,Insulin,RXNORM,1362707,,,
1,Insulin,RXNORM,1362708,,,
1,Insulin,RXNORM,1362711,,,
1,Insulin,RXNORM,1362712,,,
1,Insulin,RXNORM,1362713,,,
1,Insulin,RXNORM,1362714,,,
1,Insulin,RXNORM,1362719,,,
1,Insulin,RXNORM,1362720,,,
1,Insulin,RXNORM,1362721,,,
1,Insulin,RXNORM,1362722,,,
1,Insulin,RXNORM,1362723,,,
1,Insulin,RXNORM,1362724,,,
1,Insulin,RXNORM,1362725,,,
1,Insulin,RXNORM,1362726,,,
1,Insulin,RXNORM,1362727,,,
1,Insulin,RXNORM,1362728,,,
1,Insulin,RXNORM,1362729,,,
1,Insulin,RXNORM,1362730,,,
1,Insulin,RXNORM,1362731,,,
1,Insulin,RXNORM,1362732,,,
1,Insulin,RXNORM,1372685,,,
1,Insulin,RXNORM,1372741,,,
1,Insulin,RXNORM,1374700,,,
1,Insulin,RXNORM,1374701,,,
1,Insulin,RXNORM,1377831,,,
1,Insulin,RXNORM,1435649,,,
1,Insulin,RXNORM,1456746,,,
1,Insulin,RXNORM,1535271,,,
1,Insulin,RXNORM,1538910,,,
1,Insulin,RXNORM,1543200,,,
1,Insulin,RXNORM,1543201,,,
1,Insulin,RXNORM,1543202,,,
1,Insulin,RXNORM,1543203,,,
1,Insulin,RXNORM,1543205,,,
1,Insulin,RXNORM,1543206,,,
1,Insulin,RXNORM,1543207,,,
1,Insulin,RXNORM,1544488,,,
1,Insulin,RXNORM,1544490,,,
1,Insulin,RXNORM,1544568,,,
1,Insulin,RXNORM,1544569,,,
1,Insulin,RXNORM,1544570,,,
1,Insulin,RXNORM,1544571,,,
1,Insulin,RXNORM,1593805,,,
1,Insulin,RXNORM,1598498,,,
1,Insulin,RXNORM,1598618,,,
1,Insulin,RXNORM,1604538,,,
1,Insulin,RXNORM,1604539,,,
1,Insulin,RXNORM,1604540,,,
1,Insulin,RXNORM,1604541,,,
1,Insulin,RXNORM,1604543,,,
1,Insulin,RXNORM,1604544,,,
1,Insulin,RXNORM,1604545,,,
1,Insulin,RXNORM,1604546,,,
1,Insulin,RXNORM,1604550,,,
1,Insulin,RXNORM,1605101,,,
1,Insulin,RXNORM,1607367,,,
1,Insulin,RXNORM,1607643,,,
1,Insulin,RXNORM,1607992,,,
1,Insulin,RXNORM,1607993,,,
1,Insulin,RXNORM,1650256,,,
1,Insulin,RXNORM,1650260,,,
1,Insulin,RXNORM,1650262,,,
1,Insulin,RXNORM,1650264,,,
1,Insulin,RXNORM,1651315,,,
1,Insulin,RXNORM,1651572,,,
1,Insulin,RXNORM,1651574,,,
1,Insulin,RXNORM,1652237,,,
1,Insulin,RXNORM,1652238,,,
1,Insulin,RXNORM,1652239,,,
1,Insulin,RXNORM,1652240,,,
1,Insulin,RXNORM,1652241,,,
1,Insulin,RXNORM,1652242,,,
1,Insulin,RXNORM,1652243,,,
1,Insulin,RXNORM,1652244,,,
1,Insulin,RXNORM,1652639,,,
1,Insulin,RXNORM,1652640,,,
1,Insulin,RXNORM,1652641,,,
1,Insulin,RXNORM,1652642,,,
1,Insulin,RXNORM,1652643,,,
1,Insulin,RXNORM,1652644,,,
1,Insulin,RXNORM,1652645,,,
1,Insulin,RXNORM,1652646,,,
1,Insulin,RXNORM,1652647,,,
1,Insulin,RXNORM,1652648,,,
1,Insulin,RXNORM,1652754,,,
1,Insulin,RXNORM,1653104,,,
1,Insulin,RXNORM,1653106,,,
1,Insulin,RXNORM,1653196,,,
1,Insulin,RXNORM,1653197,,,
1,Insulin,RXNORM,1653198,,,
1,Insulin,RXNORM,1653200,,,
1,Insulin,RXNORM,1653202,,,
1,Insulin,RXNORM,1653203,,,
1,Insulin,RXNORM,1653204,,,
1,Insulin,RXNORM,1653206,,,
1,Insulin,RXNORM,1653209,,,
1,Insulin,RXNORM,1653449,,,
1,Insulin,RXNORM,1653468,,,
1,Insulin,RXNORM,1653496,,,
1,Insulin,RXNORM,1653497,,,
1,Insulin,RXNORM,1653499,,,
1,Insulin,RXNORM,1653506,,,
1,Insulin,RXNORM,1653899,,,
1,Insulin,RXNORM,1654060,,,
1,Insulin,RXNORM,1654190,,,
1,Insulin,RXNORM,1654192,,,
1,Insulin,RXNORM,1654341,,,
1,Insulin,RXNORM,1654348,,,
1,Insulin,RXNORM,1654379,,,
1,Insulin,RXNORM,1654380,,,
1,Insulin,RXNORM,1654381,,,
1,Insulin,RXNORM,1654651,,,
1,Insulin,RXNORM,1654850,,,
1,Insulin,RXNORM,1654855,,,
1,Insulin,RXNORM,1654857,,,
1,Insulin,RXNORM,1654858,,,
1,Insulin,RXNORM,1654862,,,
1,Insulin,RXNORM,1654863,,,
1,Insulin,RXNORM,1654866,,,
1,Insulin,RXNORM,1654909,,,
1,Insulin,RXNORM,1654910,,,
1,Insulin,RXNORM,1654911,,,
1,Insulin,RXNORM,1654912,,,
1,Insulin,RXNORM,1655063,,,
1,Insulin,RXNORM,1656705,,,
1,Insulin,RXNORM,1656706,,,
1,Insulin,RXNORM,1660643,,,
1,Insulin,RXNORM,1663228,,,
1,Insulin,RXNORM,1663229,,,
1,Insulin,RXNORM,1664772,,,
1,Insulin,RXNORM,1665830,,,
1,Insulin,RXNORM,1668430,,,
1,Insulin,RXNORM,1668441,,,
1,Insulin,RXNORM,1668442,,,
1,Insulin,RXNORM,1668448,,,
1,Insulin,RXNORM,1670007,,,
1,Insulin,RXNORM,1670008,,,
1,Insulin,RXNORM,1670009,,,
1,Insulin,RXNORM,1670010,,,
1,Insulin,RXNORM,1670011,,,
1,Insulin,RXNORM,1670012,,,
1,Insulin,RXNORM,1670013,,,
1,Insulin,RXNORM,1670014,,,
1,Insulin,RXNORM,1670015,,,
1,Insulin,RXNORM,1670016,,,
1,Insulin,RXNORM,1670017,,,
1,Insulin,RXNORM,1670018,,,
1,Insulin,RXNORM,1670020,,,
1,Insulin,RXNORM,1670021,,,
1,Insulin,RXNORM,1670022,,,
1,Insulin,RXNORM,1670023,,,
1,Insulin,RXNORM,1670024,,,
1,Insulin,RXNORM,1670025,,,
1,Insulin,RXNORM,1670404,,,
1,Insulin,RXNORM,1670405,,,
1,Insulin,RXNORM,1716525,,,
1,Insulin,RXNORM,1717038,,,
1,Insulin,RXNORM,1717039,,,
1,Insulin,RXNORM,1719496,,,
1,Insulin,RXNORM,1720524,,,
1,Insulin,RXNORM,1721033,,,
1,Insulin,RXNORM,1721039,,,
1,Insulin,RXNORM,1727493,,,
1,Insulin,RXNORM,1731314,,,
1,Insulin,RXNORM,1731315,,,
1,Insulin,RXNORM,1731316,,,
1,Insulin,RXNORM,1731317,,,
1,Insulin,RXNORM,1731318,,,
1,Insulin,RXNORM,1731319,,,
1,Insulin,RXNORM,1736613,,,
1,Insulin,RXNORM,1736859,,,
1,Insulin,RXNORM,1736860,,,
1,Insulin,RXNORM,1736861,,,
1,Insulin,RXNORM,1736862,,,
1,Insulin,RXNORM,1736863,,,
1,Insulin,RXNORM,1736864,,,
1,Insulin,RXNORM,1743273,,,
1,Insulin,RXNORM,1792701,,,
1,Insulin,RXNORM,1798387,,,
1,Insulin,RXNORM,1798388,,,
1,Insulin,RXNORM,1804446,,,
1,Insulin,RXNORM,1804447,,,
1,Insulin,RXNORM,1804505,,,
1,Insulin,RXNORM,1804506,,,
1,SGLT2Inh,Names,,dapagliflozin,,
1,SGLT2Inh,Names,,"F[a,o]rxiga",,
1,SGLT2Inh,Names,,canagliflozin,,
1,SGLT2Inh,Names,,Invokana,,
1,SGLT2Inh,Names,,Invokamet,,
1,SGLT2Inh,Names,,Xigduo XR,,
1,SGLT2Inh,Names,,Sulisent,,
1,SGLT2Inh,Names,,empagliflozin,,
1,SGLT2Inh,Names,,Jardiance,,
1,SGLT2Inh,Names,,Synjardy,,
1,SGLT2Inh,Names,,Glyxambi,,"this one is combination of linagliptin-empagliflozin, see also Dipeptidyl Peptidase IV Inhibitors section"
1,SGLT2Inh,RXNORM,1373458,,,
1,SGLT2Inh,RXNORM,1373459,,,
1,SGLT2Inh,RXNORM,1373460,,,
1,SGLT2Inh,RXNORM,1373461,,,
1,SGLT2Inh,RXNORM,1373462,,,
1,SGLT2Inh,RXNORM,1373463,,,
1,SGLT2Inh,RXNORM,1373464,,,
1,SGLT2Inh,RXNORM,1373465,,,
1,SGLT2Inh,RXNORM,1373466,,,
1,SGLT2Inh,RXNORM,1373467,,,
1,SGLT2Inh,RXNORM,1373468,,,
1,SGLT2Inh,RXNORM,1373469,,,
1,SGLT2Inh,RXNORM,1373470,,,
1,SGLT2Inh,RXNORM,1373471,,,
1,SGLT2Inh,RXNORM,1373472,,,
1,SGLT2Inh,RXNORM,1373473,,,
1,SGLT2Inh,RXNORM,1422532,,,
1,SGLT2Inh,RXNORM,1486436,,,
1,SGLT2Inh,RXNORM,1486966,,,
1,SGLT2Inh,RXNORM,1486977,,,
1,SGLT2Inh,RXNORM,1486981,,,
1,SGLT2Inh,RXNORM,1488564,,,
1,SGLT2Inh,RXNORM,1488565,,,
1,SGLT2Inh,RXNORM,1488566,,,
1,SGLT2Inh,RXNORM,1488567,,,
1,SGLT2Inh,RXNORM,1488568,,,
1,SGLT2Inh,RXNORM,1488569,,,
1,SGLT2Inh,RXNORM,1488573,,,
1,SGLT2Inh,RXNORM,1488574,,,
1,SGLT2Inh,RXNORM,1493571,,,
1,SGLT2Inh,RXNORM,1493572,,,
1,SGLT2Inh,RXNORM,1534343,,,
1,SGLT2Inh,RXNORM,1534344,,,
1,SGLT2Inh,RXNORM,1534397,,,
1,SGLT2Inh,RXNORM,1540290,,,
1,SGLT2Inh,RXNORM,1540292,,,
1,SGLT2Inh,RXNORM,1545145,,,
1,SGLT2Inh,RXNORM,1545146,,,
1,SGLT2Inh,RXNORM,1545147,,,
1,SGLT2Inh,RXNORM,1545148,,,
1,SGLT2Inh,RXNORM,1545149,,,
1,SGLT2Inh,RXNORM,1545150,,,
1,SGLT2Inh,RXNORM,1545151,,,
1,SGLT2Inh,RXNORM,1545152,,,
1,SGLT2Inh,RXNORM,1545153,,,
1,SGLT2Inh,RXNORM,1545154,,,
1,SGLT2Inh,RXNORM,1545155,,,
1,SGLT2Inh,RXNORM,1545156,,,
1,SGLT2Inh,RXNORM,1545157,,,
1,SGLT2Inh,RXNORM,1545158,,,
1,SGLT2Inh,RXNORM,1545159,,,
1,SGLT2Inh,RXNORM,1545160,,,
1,SGLT2Inh,RXNORM,1545161,,,
1,SGLT2Inh,RXNORM,1545162,,,
1,SGLT2Inh,RXNORM,1545163,,,
1,SGLT2Inh,RXNORM,1545164,,,
1,SGLT2Inh,RXNORM,1545165,,,
1,SGLT2Inh,RXNORM,1545166,,,
1,SGLT2Inh,RXNORM,1545653,,,
1,SGLT2Inh,RXNORM,1545654,,,
1,SGLT2Inh,RXNORM,1545655,,,
1,SGLT2Inh,RXNORM,1545656,,,
1,SGLT2Inh,RXNORM,1545657,,,
1,SGLT2Inh,RXNORM,1545658,,,
1,SGLT2Inh,RXNORM,1545659,,,
1,SGLT2Inh,RXNORM,1545660,,,
1,SGLT2Inh,RXNORM,1545661,,,
1,SGLT2Inh,RXNORM,1545662,,,
1,SGLT2Inh,RXNORM,1545663,,,
1,SGLT2Inh,RXNORM,1545664,,,
1,SGLT2Inh,RXNORM,1545665,,,
1,SGLT2Inh,RXNORM,1545666,,,
1,SGLT2Inh,RXNORM,1545667,,,
1,SGLT2Inh,RXNORM,1545668,,,
1,SGLT2Inh,RXNORM,1546031,,,
1,SGLT2Inh,RXNORM,1592709,,,
1,SGLT2Inh,RXNORM,1592710,,,
1,SGLT2Inh,RXNORM,1592722,,,
1,SGLT2Inh,RXNORM,1593057,,,
1,SGLT2Inh,RXNORM,1593058,,,
1,SGLT2Inh,RXNORM,1593059,,,
1,SGLT2Inh,RXNORM,1593068,,,
1,SGLT2Inh,RXNORM,1593069,,,
1,SGLT2Inh,RXNORM,1593070,,,
1,SGLT2Inh,RXNORM,1593071,,,
1,SGLT2Inh,RXNORM,1593072,,,
1,SGLT2Inh,RXNORM,1593073,,,
1,SGLT2Inh,RXNORM,1593774,,,
1,SGLT2Inh,RXNORM,1593775,,,
1,SGLT2Inh,RXNORM,1593776,,,
1,SGLT2Inh,RXNORM,1593826,,,
1,SGLT2Inh,RXNORM,1593827,,,
1,SGLT2Inh,RXNORM,1593828,,,
1,SGLT2Inh,RXNORM,1593829,,,
1,SGLT2Inh,RXNORM,1593830,,,
1,SGLT2Inh,RXNORM,1593831,,,
1,SGLT2Inh,RXNORM,1593832,,,
1,SGLT2Inh,RXNORM,1593833,,,
1,SGLT2Inh,RXNORM,1593835,,,
1,SGLT2Inh,RXNORM,1598392,,,
1,SGLT2Inh,RXNORM,1598430,,,
1,SGLT2Inh,RXNORM,1602106,,,
1,SGLT2Inh,RXNORM,1602107,,,
1,SGLT2Inh,RXNORM,1602108,,,
1,SGLT2Inh,RXNORM,1602109,,,
1,SGLT2Inh,RXNORM,1602110,,,
1,SGLT2Inh,RXNORM,1602111,,,
1,SGLT2Inh,RXNORM,1602112,,,
1,SGLT2Inh,RXNORM,1602113,,,
1,SGLT2Inh,RXNORM,1602114,,,
1,SGLT2Inh,RXNORM,1602115,,,
1,SGLT2Inh,RXNORM,1602118,,,
1,SGLT2Inh,RXNORM,1602119,,,
1,SGLT2Inh,RXNORM,1602120,,,
1,SGLT2Inh,RXNORM,1655477,,,
1,SGLT2Inh,RXNORM,1664310,,,
1,SGLT2Inh,RXNORM,1664311,,,
1,SGLT2Inh,RXNORM,1664312,,,
1,SGLT2Inh,RXNORM,1664313,,,
1,SGLT2Inh,RXNORM,1664314,,,
1,SGLT2Inh,RXNORM,1664315,,,
1,SGLT2Inh,RXNORM,1664316,,,
1,SGLT2Inh,RXNORM,1664317,,,
1,SGLT2Inh,RXNORM,1664318,,,
1,SGLT2Inh,RXNORM,1664319,,,
1,SGLT2Inh,RXNORM,1664320,,,
1,SGLT2Inh,RXNORM,1664321,,,
1,SGLT2Inh,RXNORM,1664322,,,
1,SGLT2Inh,RXNORM,1664323,,,
1,SGLT2Inh,RXNORM,1664324,,,
1,SGLT2Inh,RXNORM,1664325,,,
1,SGLT2Inh,RXNORM,1664326,,,
1,SGLT2Inh,RXNORM,1664327,,,
1,SGLT2Inh,RXNORM,1664328,,,
1,SGLT2Inh,RXNORM,1665367,,,
1,SGLT2Inh,RXNORM,1665368,,,
1,SGLT2Inh,RXNORM,1665369,,,
1,SGLT2Inh,RXNORM,1683935,,,
1,SGLT2Inh,RXNORM,1727500,,,
0,Biguanide,Names,,Glucophage,,
0,Biguanide,Names,,Fortamet,,
0,Biguanide,Names,,Glumetza,,
0,Biguanide,Names,,Riomet,,
0,Biguanide,Names,,Amaryl M,,this is combination of rosiglitizone-metformin
0,Biguanide,Names,,Avandamet,,
0,Biguanide,Names,,Metformin,Kazano,
0,Biguanide,Names,,Metformin,Invokamet,
0,Biguanide,Names,,Metformin,Xigduo XR,
0,Biguanide,Names,,Metformin,Synjardy,
0,Biguanide,Names,,Metformin,Metaglip,
0,Biguanide,Names,,Metformin,Glucovance,
0,Biguanide,Names,,Metformin,Jentadueto,
0,Biguanide,Names,,Metformin,Jentadueto XR,
0,Biguanide,Names,,Metformin,Eucreas,this one is combination of metformin-vildagliptin
0,Biguanide,Names,,Actoplus,,this one is combination of metformin-pioglitazone
0,Biguanide,Names,,Actoplus Met,,
0,Biguanide,Names,,Actoplus Met XR,,
0,Biguanide,Names,,Competact,,
0,Biguanide,Names,,PrandiMet,,this one is combination of metformin-repaglinide
0,Biguanide,Names,,Kombiglyze XR,,this is combination of metformin-saxagliptin
0,Biguanide,Names,,Janumet,,this is combination of
0,Biguanide,Names,, Janumet XR,,
0,Biguanide,RXNORM,6809,,,
0,Biguanide,RXNORM,105376,,,
0,Biguanide,RXNORM,105377,,,
0,Biguanide,RXNORM,151827,,,
0,Biguanide,RXNORM,152161,,,
0,Biguanide,RXNORM,204045,,,
0,Biguanide,RXNORM,204047,,,
0,Biguanide,RXNORM,235743,,,
0,Biguanide,RXNORM,236325,,,
0,Biguanide,RXNORM,236510,,,
0,Biguanide,RXNORM,246522,,,
0,Biguanide,RXNORM,250919,,,
0,Biguanide,RXNORM,285065,,,
0,Biguanide,RXNORM,285129,,,
0,Biguanide,RXNORM,316255,,,
0,Biguanide,RXNORM,316256,,,
0,Biguanide,RXNORM,330861,,,
0,Biguanide,RXNORM,332809,,,
0,Biguanide,RXNORM,352381,,,
0,Biguanide,RXNORM,352450,,,
0,Biguanide,RXNORM,361841,,,
0,Biguanide,RXNORM,368254,,,
0,Biguanide,RXNORM,368526,,,
0,Biguanide,RXNORM,371466,,,
0,Biguanide,RXNORM,372803,,,
0,Biguanide,RXNORM,372804,,,
0,Biguanide,RXNORM,374635,,,
0,Biguanide,RXNORM,378729,,,
0,Biguanide,RXNORM,378730,,,
0,Biguanide,RXNORM,405304,,,
0,Biguanide,RXNORM,406082,,,
0,Biguanide,RXNORM,406257,,,
0,Biguanide,RXNORM,428759,,,
0,Biguanide,RXNORM,429841,,,
0,Biguanide,RXNORM,431724,,,
0,Biguanide,RXNORM,432366,,,
0,Biguanide,RXNORM,432780,,,
0,Biguanide,RXNORM,438507,,,
0,Biguanide,RXNORM,465455,,,
0,Biguanide,RXNORM,485822,,,
0,Biguanide,RXNORM,541766,,,
0,Biguanide,RXNORM,541768,,,
0,Biguanide,RXNORM,541774,,,
0,Biguanide,RXNORM,541775,,,
0,Biguanide,RXNORM,577093,,,
0,Biguanide,RXNORM,583192,,,
0,Biguanide,RXNORM,583194,,,
0,Biguanide,RXNORM,583195,,,
0,Biguanide,RXNORM,600868,,,
0,Biguanide,RXNORM,601021,,,
0,Biguanide,RXNORM,602411,,,
0,Biguanide,RXNORM,605605,,,
0,Biguanide,RXNORM,607999,,,
0,Biguanide,RXNORM,614348,,,
0,Biguanide,RXNORM,633695,,,
0,Biguanide,RXNORM,645109,,,
0,Biguanide,RXNORM,647241,,,
0,Biguanide,RXNORM,668418,,,
0,Biguanide,RXNORM,700516,,,
0,Biguanide,RXNORM,729717,,,
0,Biguanide,RXNORM,729919,,,
0,Biguanide,RXNORM,729920,,,
0,Biguanide,RXNORM,731442,,,
0,Biguanide,RXNORM,757603,,,
0,Biguanide,RXNORM,790326,,,
0,Biguanide,RXNORM,802051,,,
0,Biguanide,RXNORM,802646,,,
0,Biguanide,RXNORM,802742,,,
0,Biguanide,RXNORM,805670,,,
0,Biguanide,RXNORM,806287,,,
0,Biguanide,RXNORM,860974,,,
0,Biguanide,RXNORM,860975,,,
0,Biguanide,RXNORM,860976,,,
0,Biguanide,RXNORM,860977,,,
0,Biguanide,RXNORM,860978,,,
0,Biguanide,RXNORM,860979,,,
0,Biguanide,RXNORM,860980,,,
0,Biguanide,RXNORM,860981,,,
0,Biguanide,RXNORM,860982,,,
0,Biguanide,RXNORM,860983,,,
0,Biguanide,RXNORM,860984,,,
0,Biguanide,RXNORM,860985,,,
0,Biguanide,RXNORM,860995,,,
0,Biguanide,RXNORM,860996,,,
0,Biguanide,RXNORM,860997,,,
0,Biguanide,RXNORM,860998,,,
0,Biguanide,RXNORM,860999,,,
0,Biguanide,RXNORM,861000,,,
0,Biguanide,RXNORM,861001,,,
0,Biguanide,RXNORM,861002,,,
0,Biguanide,RXNORM,861003,,,
0,Biguanide,RXNORM,861004,,,
0,Biguanide,RXNORM,861005,,,
0,Biguanide,RXNORM,861006,,,
0,Biguanide,RXNORM,861007,,,
0,Biguanide,RXNORM,861008,,,
0,Biguanide,RXNORM,861009,,,
0,Biguanide,RXNORM,861010,,,
0,Biguanide,RXNORM,861011,,,
0,Biguanide,RXNORM,861012,,,
0,Biguanide,RXNORM,861014,,,
0,Biguanide,RXNORM,861015,,,
0,Biguanide,RXNORM,861016,,,
0,Biguanide,RXNORM,861017,,,
0,Biguanide,RXNORM,861018,,,
0,Biguanide,RXNORM,861019,,,
0,Biguanide,RXNORM,861020,,,
0,Biguanide,RXNORM,861021,,,
0,Biguanide,RXNORM,861022,,,
0,Biguanide,RXNORM,861023,,,
0,Biguanide,RXNORM,861024,,,
0,Biguanide,RXNORM,861025,,,
0,Biguanide,RXNORM,861026,,,
0,Biguanide,RXNORM,861027,,,
0,Biguanide,RXNORM,861730,,,
0,Biguanide,RXNORM,861731,,,
0,Biguanide,RXNORM,861736,,,
0,Biguanide,RXNORM,861740,,,
0,Biguanide,RXNORM,861743,,,
0,Biguanide,RXNORM,861748,,,
0,Biguanide,RXNORM,861753,,,
0,Biguanide,RXNORM,861760,,,
0,Biguanide,RXNORM,861761,,,
0,Biguanide,RXNORM,861762,,,
0,Biguanide,RXNORM,861763,,,
0,Biguanide,RXNORM,861764,,,
0,Biguanide,RXNORM,861765,,,
0,Biguanide,RXNORM,861769,,,
0,Biguanide,RXNORM,861770,,,
0,Biguanide,RXNORM,861771,,,
0,Biguanide,RXNORM,861783,,,
0,Biguanide,RXNORM,861784,,,
0,Biguanide,RXNORM,861785,,,
0,Biguanide,RXNORM,861787,,,
0,Biguanide,RXNORM,861788,,,
0,Biguanide,RXNORM,861789,,,
0,Biguanide,RXNORM,861790,,,
0,Biguanide,RXNORM,861791,,,
0,Biguanide,RXNORM,861792,,,
0,Biguanide,RXNORM,861795,,,
0,Biguanide,RXNORM,861796,,,
0,Biguanide,RXNORM,861797,,,
0,Biguanide,RXNORM,861806,,,
0,Biguanide,RXNORM,861807,,,
0,Biguanide,RXNORM,861808,,,
0,Biguanide,RXNORM,861816,,,
0,Biguanide,RXNORM,861817,,,
0,Biguanide,RXNORM,861818,,,
0,Biguanide,RXNORM,861819,,,
0,Biguanide,RXNORM,861820,,,
0,Biguanide,RXNORM,861821,,,
0,Biguanide,RXNORM,861822,,,
0,Biguanide,RXNORM,861823,,,
0,Biguanide,RXNORM,861824,,,
0,Biguanide,RXNORM,875864,,,
0,Biguanide,RXNORM,875865,,,
0,Biguanide,RXNORM,876009,,,
0,Biguanide,RXNORM,876010,,,
0,Biguanide,RXNORM,876033,,,
0,Biguanide,RXNORM,899988,,,
0,Biguanide,RXNORM,899989,,,
0,Biguanide,RXNORM,899991,,,
0,Biguanide,RXNORM,899992,,,
0,Biguanide,RXNORM,899993,,,
0,Biguanide,RXNORM,899994,,,
0,Biguanide,RXNORM,899995,,,
0,Biguanide,RXNORM,899996,,,
0,Biguanide,RXNORM,899998,,,
0,Biguanide,RXNORM,900000,,,
0,Biguanide,RXNORM,900001,,,
0,Biguanide,RXNORM,900002,,,
0,Biguanide,RXNORM,977566,,,
0,Biguanide,RXNORM,997965,,,
0,Biguanide,RXNORM,1007411,,,
0,Biguanide,RXNORM,1008476,,,
0,Biguanide,RXNORM,1043561,,,
0,Biguanide,RXNORM,1043562,,,
0,Biguanide,RXNORM,1043563,,,
0,Biguanide,RXNORM,1043565,,,
0,Biguanide,RXNORM,1043566,,,
0,Biguanide,RXNORM,1043567,,,
0,Biguanide,RXNORM,1043568,,,
0,Biguanide,RXNORM,1043569,,,
0,Biguanide,RXNORM,1043570,,,
0,Biguanide,RXNORM,1043572,,,
0,Biguanide,RXNORM,1043574,,,
0,Biguanide,RXNORM,1043575,,,
0,Biguanide,RXNORM,1043576,,,
0,Biguanide,RXNORM,1043578,,,
0,Biguanide,RXNORM,1043580,,,
0,Biguanide,RXNORM,1043582,,,
0,Biguanide,RXNORM,1043583,,,
0,Biguanide,RXNORM,1043584,,,
0,Biguanide,RXNORM,1048346,,,
0,Biguanide,RXNORM,1083665,,,
0,Biguanide,RXNORM,1128666,,,
0,Biguanide,RXNORM,1130631,,,
0,Biguanide,RXNORM,1130713,,,
0,Biguanide,RXNORM,1131491,,,
0,Biguanide,RXNORM,1132606,,,
0,Biguanide,RXNORM,1143649,,,
0,Biguanide,RXNORM,1145961,,,
0,Biguanide,RXNORM,1155467,,,
0,Biguanide,RXNORM,1155468,,,
0,Biguanide,RXNORM,1156197,,,
0,Biguanide,RXNORM,1161597,,,
0,Biguanide,RXNORM,1161598,,,
0,Biguanide,RXNORM,1161599,,,
0,Biguanide,RXNORM,1161600,,,
0,Biguanide,RXNORM,1161601,,,
0,Biguanide,RXNORM,1161602,,,
0,Biguanide,RXNORM,1161603,,,
0,Biguanide,RXNORM,1161604,,,
0,Biguanide,RXNORM,1161605,,,
0,Biguanide,RXNORM,1161606,,,
0,Biguanide,RXNORM,1161607,,,
0,Biguanide,RXNORM,1161608,,,
0,Biguanide,RXNORM,1161609,,,
0,Biguanide,RXNORM,1161610,,,
0,Biguanide,RXNORM,1161611,,,
0,Biguanide,RXNORM,1165205,,,
0,Biguanide,RXNORM,1165206,,,
0,Biguanide,RXNORM,1165845,,,
0,Biguanide,RXNORM,1167810,,,
0,Biguanide,RXNORM,1167811,,,
0,Biguanide,RXNORM,1169920,,,
0,Biguanide,RXNORM,1169923,,,
0,Biguanide,RXNORM,1171244,,,
0,Biguanide,RXNORM,1171245,,,
0,Biguanide,RXNORM,1171254,,,
0,Biguanide,RXNORM,1171255,,,
0,Biguanide,RXNORM,1172629,,,
0,Biguanide,RXNORM,1172630,,,
0,Biguanide,RXNORM,1175016,,,
0,Biguanide,RXNORM,1175021,,,
0,Biguanide,RXNORM,1182890,,,
0,Biguanide,RXNORM,1182891,,,
0,Biguanide,RXNORM,1184627,,,
0,Biguanide,RXNORM,1184628,,,
0,Biguanide,RXNORM,1185325,,,
0,Biguanide,RXNORM,1185326,,,
0,Biguanide,RXNORM,1185653,,,
0,Biguanide,RXNORM,1185654,,,
0,Biguanide,RXNORM,1243016,,,
0,Biguanide,RXNORM,1243017,,,
0,Biguanide,RXNORM,1243018,,,
0,Biguanide,RXNORM,1243019,,,
0,Biguanide,RXNORM,1243020,,,
0,Biguanide,RXNORM,1243027,,,
0,Biguanide,RXNORM,1243034,,,
0,Biguanide,RXNORM,1243826,,,
0,Biguanide,RXNORM,1243827,,,
0,Biguanide,RXNORM,1243829,,,
0,Biguanide,RXNORM,1243833,,,
0,Biguanide,RXNORM,1243834,,,
0,Biguanide,RXNORM,1243835,,,
0,Biguanide,RXNORM,1243839,,,
0,Biguanide,RXNORM,1243842,,,
0,Biguanide,RXNORM,1243843,,,
0,Biguanide,RXNORM,1243844,,,
0,Biguanide,RXNORM,1243845,,,
0,Biguanide,RXNORM,1243846,,,
0,Biguanide,RXNORM,1243848,,,
0,Biguanide,RXNORM,1243849,,,
0,Biguanide,RXNORM,1243850,,,
0,Biguanide,RXNORM,1305366,,,
0,Biguanide,RXNORM,1308857,,,
0,Biguanide,RXNORM,1313354,,,
0,Biguanide,RXNORM,1365405,,,
0,Biguanide,RXNORM,1365406,,,
0,Biguanide,RXNORM,1365802,,,
0,Biguanide,RXNORM,1368381,,,
0,Biguanide,RXNORM,1368382,,,
0,Biguanide,RXNORM,1368383,,,
0,Biguanide,RXNORM,1368384,,,
0,Biguanide,RXNORM,1368385,,,
0,Biguanide,RXNORM,1368392,,,
0,Biguanide,RXNORM,1372716,,,
0,Biguanide,RXNORM,1372738,,,
0,Biguanide,RXNORM,1431024,,,
0,Biguanide,RXNORM,1431025,,,
0,Biguanide,RXNORM,1486436,,,
0,Biguanide,RXNORM,1493571,,,
0,Biguanide,RXNORM,1493572,,,
0,Biguanide,RXNORM,1540290,,,
0,Biguanide,RXNORM,1540292,,,
0,Biguanide,RXNORM,1545146,,,
0,Biguanide,RXNORM,1545147,,,
0,Biguanide,RXNORM,1545148,,,
0,Biguanide,RXNORM,1545149,,,
0,Biguanide,RXNORM,1545150,,,
0,Biguanide,RXNORM,1545157,,,
0,Biguanide,RXNORM,1545161,,,
0,Biguanide,RXNORM,1545164,,,
0,Biguanide,RXNORM,1548426,,,
0,Biguanide,RXNORM,1549776,,,
0,Biguanide,RXNORM,1592709,,,
0,Biguanide,RXNORM,1592710,,,
0,Biguanide,RXNORM,1592722,,,
0,Biguanide,RXNORM,1593057,,,
0,Biguanide,RXNORM,1593058,,,
0,Biguanide,RXNORM,1593059,,,
0,Biguanide,RXNORM,1593068,,,
0,Biguanide,RXNORM,1593069,,,
0,Biguanide,RXNORM,1593070,,,
0,Biguanide,RXNORM,1593071,,,
0,Biguanide,RXNORM,1593072,,,
0,Biguanide,RXNORM,1593073,,,
0,Biguanide,RXNORM,1593774,,,
0,Biguanide,RXNORM,1593775,,,
0,Biguanide,RXNORM,1593776,,,
0,Biguanide,RXNORM,1593826,,,
0,Biguanide,RXNORM,1593827,,,
0,Biguanide,RXNORM,1593828,,,
0,Biguanide,RXNORM,1593829,,,
0,Biguanide,RXNORM,1593830,,,
0,Biguanide,RXNORM,1593831,,,
0,Biguanide,RXNORM,1593832,,,
0,Biguanide,RXNORM,1593833,,,
0,Biguanide,RXNORM,1593835,,,
0,Biguanide,RXNORM,1598393,,,
0,Biguanide,RXNORM,1598394,,,
0,Biguanide,RXNORM,1655477,,,
0,Biguanide,RXNORM,1664311,,,
0,Biguanide,RXNORM,1664312,,,
0,Biguanide,RXNORM,1664313,,,
0,Biguanide,RXNORM,1664314,,,
0,Biguanide,RXNORM,1664315,,,
0,Biguanide,RXNORM,1664323,,,
0,Biguanide,RXNORM,1664326,,,
0,Biguanide,RXNORM,1665367,,,
0,Biguanide,RXNORM,1692194,,,
0,Biguanide,RXNORM,1741248,,,
0,Biguanide,RXNORM,1741249,,,
0,Biguanide,RXNORM,1791055,,,
0,Biguanide,RXNORM,1796088,,,
0,Biguanide,RXNORM,1796089,,,
0,Biguanide,RXNORM,1796092,,,
0,Biguanide,RXNORM,1796094,,,
0,Biguanide,RXNORM,1796097,,,
0,Thiazol,Names,,Avandia,,
0,Thiazol,Names,,Actos,,
0,Thiazol,Names,,rosiglitazone,Avandamet,this ione is combination of metformin-rosiglitazone
0,Thiazol,Names,,rosiglitazone,Amaryl M,this is combination of rosiglitizone-metformin
0,Thiazol,Names,,rosiglitazone,Avandaryl,this is combination of glimeperide-rosiglitazone
0,Thiazol,Names,,pioglitazone,Actoplus,this ione is combination of metformin-pioglitazone
0,Thiazol,Names,,pioglitazone,Actoplus Met,
0,Thiazol,Names,,pioglitazone,Actoplus Met XR,
0,Thiazol,Names,,pioglitazone,Competact,
0,Thiazol,Names,,pioglitazone,Duetact,this is combination of glimepiride-pioglitazone
0,Thiazol,Names,,pioglitazone,Oseni,this is combination of alogliptin-pioglitazone
0,Thiazol,Names,,Troglitazone,,
0,Thiazol,Names,,Noscal,,
0,Thiazol,Names,,Re[z|s]ulin,,
0,Thiazol,Names,,Romozin,,
0,Thiazol,RXNORM,202,,,
0,Thiazol,RXNORM,572,,,
0,Thiazol,RXNORM,1480,,,
0,Thiazol,RXNORM,2242,,,
0,Thiazol,RXNORM,2465,,,
0,Thiazol,RXNORM,4583,,,
0,Thiazol,RXNORM,4586,,,
0,Thiazol,RXNORM,4615,,,
0,Thiazol,RXNORM,4622,,,
0,Thiazol,RXNORM,4623,,,
0,Thiazol,RXNORM,4624,,,
0,Thiazol,RXNORM,4625,,,
0,Thiazol,RXNORM,4626,,,
0,Thiazol,RXNORM,4627,,,
0,Thiazol,RXNORM,4628,,,
0,Thiazol,RXNORM,4630,,,
0,Thiazol,RXNORM,4631,,,
0,Thiazol,RXNORM,4632,,,
0,Thiazol,RXNORM,4633,,,
0,Thiazol,RXNORM,4634,,,
0,Thiazol,RXNORM,4635,,,
0,Thiazol,RXNORM,4636,,,
0,Thiazol,RXNORM,4951,,,
0,Thiazol,RXNORM,5316,,,
0,Thiazol,RXNORM,6053,,,
0,Thiazol,RXNORM,6211,,,
0,Thiazol,RXNORM,6214,,,
0,Thiazol,RXNORM,6216,,,
0,Thiazol,RXNORM,6885,,,
0,Thiazol,RXNORM,7208,,,
0,Thiazol,RXNORM,7475,,,
0,Thiazol,RXNORM,8925,,,
0,Thiazol,RXNORM,10481,,,
0,Thiazol,RXNORM,11019,,,
0,Thiazol,RXNORM,11022,,,
0,Thiazol,RXNORM,11024,,,
0,Thiazol,RXNORM,17547,,,
0,Thiazol,RXNORM,19217,,,
0,Thiazol,RXNORM,20185,,,
0,Thiazol,RXNORM,21336,,,
0,Thiazol,RXNORM,25511,,,
0,Thiazol,RXNORM,25512,,,
0,Thiazol,RXNORM,25515,,,
0,Thiazol,RXNORM,25517,,,
0,Thiazol,RXNORM,25520,,,
0,Thiazol,RXNORM,25527,,,
0,Thiazol,RXNORM,25617,,,
0,Thiazol,RXNORM,25851,,,
0,Thiazol,RXNORM,26061,,,
0,Thiazol,RXNORM,26402,,,
0,Thiazol,RXNORM,28170,,,
0,Thiazol,RXNORM,30957,,,
0,Thiazol,RXNORM,30958,,,
0,Thiazol,RXNORM,33738,,,
0,Thiazol,RXNORM,39108,,,
0,Thiazol,RXNORM,39125,,,
0,Thiazol,RXNORM,39131,,,
0,Thiazol,RXNORM,39141,,,
0,Thiazol,RXNORM,39146,,,
0,Thiazol,RXNORM,39147,,,
0,Thiazol,RXNORM,39149,,,
0,Thiazol,RXNORM,39150,,,
0,Thiazol,RXNORM,39152,,,
0,Thiazol,RXNORM,39847,,,
0,Thiazol,RXNORM,40224,,,
0,Thiazol,RXNORM,40738,,,
0,Thiazol,RXNORM,41397,,,
0,Thiazol,RXNORM,46981,,,
0,Thiazol,RXNORM,47026,,,
0,Thiazol,RXNORM,47724,,,
0,Thiazol,RXNORM,48253,,,
0,Thiazol,RXNORM,50216,,,
0,Thiazol,RXNORM,50278,,,
0,Thiazol,RXNORM,53324,,,
0,Thiazol,RXNORM,59156,,,
0,Thiazol,RXNORM,59191,,,
0,Thiazol,RXNORM,59208,,,
0,Thiazol,RXNORM,59284,,,
0,Thiazol,RXNORM,59419,,,
0,Thiazol,RXNORM,59427,,,
0,Thiazol,RXNORM,59513,,,
0,Thiazol,RXNORM,61539,,,
0,Thiazol,RXNORM,67375,,,
0,Thiazol,RXNORM,68213,,,
0,Thiazol,RXNORM,71877,,,
0,Thiazol,RXNORM,71921,,,
0,Thiazol,RXNORM,72227,,,
0,Thiazol,RXNORM,72610,,,
0,Thiazol,RXNORM,72622,,,
0,Thiazol,RXNORM,75157,,,
0,Thiazol,RXNORM,75158,,,
0,Thiazol,RXNORM,82578,,,
0,Thiazol,RXNORM,84108,,,
0,Thiazol,RXNORM,88577,,,
0,Thiazol,RXNORM,97483,,,
0,Thiazol,RXNORM,97568,,,
0,Thiazol,RXNORM,97609,,,
0,Thiazol,RXNORM,97833,,,
0,Thiazol,RXNORM,97841,,,
0,Thiazol,RXNORM,97848,,,
0,Thiazol,RXNORM,97852,,,
0,Thiazol,RXNORM,97867,,,
0,Thiazol,RXNORM,97875,,,
0,Thiazol,RXNORM,97877,,,
0,Thiazol,RXNORM,97881,,,
0,Thiazol,RXNORM,97892,,,
0,Thiazol,RXNORM,97893,,,
0,Thiazol,RXNORM,97894,,,
0,Thiazol,RXNORM,97919,,,
0,Thiazol,RXNORM,97977,,,
0,Thiazol,RXNORM,97986,,,
0,Thiazol,RXNORM,98066,,,
0,Thiazol,RXNORM,98075,,,
0,Thiazol,RXNORM,98076,,,
0,Thiazol,RXNORM,114175,,,
0,Thiazol,RXNORM,117305,,,
0,Thiazol,RXNORM,124953,,,
0,Thiazol,RXNORM,153014,,,
0,Thiazol,RXNORM,153015,,,
0,Thiazol,RXNORM,153722,,,
0,Thiazol,RXNORM,153723,,,
0,Thiazol,RXNORM,153724,,,
0,Thiazol,RXNORM,153725,,,
0,Thiazol,RXNORM,160190,,,
0,Thiazol,RXNORM,170941,,,
0,Thiazol,RXNORM,182835,,,
0,Thiazol,RXNORM,199984,,,
0,Thiazol,RXNORM,199985,,,
0,Thiazol,RXNORM,200065,,,
0,Thiazol,RXNORM,203027,,,
0,Thiazol,RXNORM,203715,,,
0,Thiazol,RXNORM,204377,,,
0,Thiazol,RXNORM,212281,,,
0,Thiazol,RXNORM,212282,,,
0,Thiazol,RXNORM,213041,,,
0,Thiazol,RXNORM,217954,,,
0,Thiazol,RXNORM,224003,,,
0,Thiazol,RXNORM,235298,,,
0,Thiazol,RXNORM,235305,,,
0,Thiazol,RXNORM,237601,,,
0,Thiazol,RXNORM,237602,,,
0,Thiazol,RXNORM,237603,,,
0,Thiazol,RXNORM,237622,,,
0,Thiazol,RXNORM,237623,,,
0,Thiazol,RXNORM,237624,,,
0,Thiazol,RXNORM,238255,,,
0,Thiazol,RXNORM,240757,,,
0,Thiazol,RXNORM,242206,,,
0,Thiazol,RXNORM,242614,,,
0,Thiazol,RXNORM,242615,,,
0,Thiazol,RXNORM,246859,,,
0,Thiazol,RXNORM,248528,,,
0,Thiazol,RXNORM,253198,,,
0,Thiazol,RXNORM,259319,,,
0,Thiazol,RXNORM,259351,,,
0,Thiazol,RXNORM,259382,,,
0,Thiazol,RXNORM,259383,,,
0,Thiazol,RXNORM,259635,,,
0,Thiazol,RXNORM,260018,,,
0,Thiazol,RXNORM,260111,,,
0,Thiazol,RXNORM,261241,,,
0,Thiazol,RXNORM,261242,,,
0,Thiazol,RXNORM,261243,,,
0,Thiazol,RXNORM,261266,,,
0,Thiazol,RXNORM,261267,,,
0,Thiazol,RXNORM,261268,,,
0,Thiazol,RXNORM,261442,,,
0,Thiazol,RXNORM,261455,,,
0,Thiazol,RXNORM,283847,,,
0,Thiazol,RXNORM,283848,,,
0,Thiazol,RXNORM,283849,,,
0,Thiazol,RXNORM,284132,,,
0,Thiazol,RXNORM,308043,,,
0,Thiazol,RXNORM,308706,,,
0,Thiazol,RXNORM,311248,,,
0,Thiazol,RXNORM,311259,,,
0,Thiazol,RXNORM,311260,,,
0,Thiazol,RXNORM,311261,,,
0,Thiazol,RXNORM,312440,,,
0,Thiazol,RXNORM,312441,,,
0,Thiazol,RXNORM,312859,,,
0,Thiazol,RXNORM,312860,,,
0,Thiazol,RXNORM,312861,,,
0,Thiazol,RXNORM,314063,,,
0,Thiazol,RXNORM,316124,,,
0,Thiazol,RXNORM,316125,,,
0,Thiazol,RXNORM,316869,,,
0,Thiazol,RXNORM,316870,,,
0,Thiazol,RXNORM,316871,,,
0,Thiazol,RXNORM,317223,,,
0,Thiazol,RXNORM,317573,,,
0,Thiazol,RXNORM,331478,,,
0,Thiazol,RXNORM,332435,,,
0,Thiazol,RXNORM,332436,,,
0,Thiazol,RXNORM,336270,,,
0,Thiazol,RXNORM,336271,,,
0,Thiazol,RXNORM,336906,,,
0,Thiazol,RXNORM,340667,,,
0,Thiazol,RXNORM,353229,,,
0,Thiazol,RXNORM,358499,,,
0,Thiazol,RXNORM,358500,,,
0,Thiazol,RXNORM,358530,,,
0,Thiazol,RXNORM,358809,,,
0,Thiazol,RXNORM,368230,,,
0,Thiazol,RXNORM,368234,,,
0,Thiazol,RXNORM,368317,,,
0,Thiazol,RXNORM,373801,,,
0,Thiazol,RXNORM,374252,,,
0,Thiazol,RXNORM,374606,,,
0,Thiazol,RXNORM,375549,,,
0,Thiazol,RXNORM,375855,,,
0,Thiazol,RXNORM,378729,,,
0,Thiazol,RXNORM,381259,,,
0,Thiazol,RXNORM,386116,,,
0,Thiazol,RXNORM,391625,,,
0,Thiazol,RXNORM,391627,,,
0,Thiazol,RXNORM,391633,,,
0,Thiazol,RXNORM,391634,,,
0,Thiazol,RXNORM,391635,,,
0,Thiazol,RXNORM,391636,,,
0,Thiazol,RXNORM,391645,,,
0,Thiazol,RXNORM,391646,,,
0,Thiazol,RXNORM,391650,,,
0,Thiazol,RXNORM,391654,,,
0,Thiazol,RXNORM,391671,,,
0,Thiazol,RXNORM,391677,,,
0,Thiazol,RXNORM,391801,,,
0,Thiazol,RXNORM,393133,,,
0,Thiazol,RXNORM,401993,,,
0,Thiazol,RXNORM,401994,,,
0,Thiazol,RXNORM,420203,,,
0,Thiazol,RXNORM,428722,,,
0,Thiazol,RXNORM,429088,,,
0,Thiazol,RXNORM,429558,,,
0,Thiazol,RXNORM,429808,,,
0,Thiazol,RXNORM,430181,,,
0,Thiazol,RXNORM,430343,,,
0,Thiazol,RXNORM,433795,,,
0,Thiazol,RXNORM,435806,,,
0,Thiazol,RXNORM,436189,,,
0,Thiazol,RXNORM,437129,,,
0,Thiazol,RXNORM,437131,,,
0,Thiazol,RXNORM,437306,,,
0,Thiazol,RXNORM,437391,,,
0,Thiazol,RXNORM,437392,,,
0,Thiazol,RXNORM,440537,,,
0,Thiazol,RXNORM,441116,,,
0,Thiazol,RXNORM,476352,,,
0,Thiazol,RXNORM,476353,,,
0,Thiazol,RXNORM,483592,,,
0,Thiazol,RXNORM,483642,,,
0,Thiazol,RXNORM,565366,,,
0,Thiazol,RXNORM,565367,,,
0,Thiazol,RXNORM,565368,,,
0,Thiazol,RXNORM,572491,,,
0,Thiazol,RXNORM,572492,,,
0,Thiazol,RXNORM,572980,,,
0,Thiazol,RXNORM,574470,,,
0,Thiazol,RXNORM,574471,,,
0,Thiazol,RXNORM,574472,,,
0,Thiazol,RXNORM,574495,,,
0,Thiazol,RXNORM,574496,,,
0,Thiazol,RXNORM,574497,,,
0,Thiazol,RXNORM,577093,,,
0,Thiazol,RXNORM,577605,,,
0,Thiazol,RXNORM,577606,,,
0,Thiazol,RXNORM,578033,,,
0,Thiazol,RXNORM,580285,,,
0,Thiazol,RXNORM,582044,,,
0,Thiazol,RXNORM,582226,,,
0,Thiazol,RXNORM,601642,,,
0,Thiazol,RXNORM,602012,,,
0,Thiazol,RXNORM,602014,,,
0,Thiazol,RXNORM,602015,,,
0,Thiazol,RXNORM,602016,,,
0,Thiazol,RXNORM,602017,,,
0,Thiazol,RXNORM,602018,,,
0,Thiazol,RXNORM,602019,,,
0,Thiazol,RXNORM,602166,,,
0,Thiazol,RXNORM,602543,,,
0,Thiazol,RXNORM,602544,,,
0,Thiazol,RXNORM,602549,,,
0,Thiazol,RXNORM,602550,,,
0,Thiazol,RXNORM,602593,,,
0,Thiazol,RXNORM,602594,,,
0,Thiazol,RXNORM,602595,,,
0,Thiazol,RXNORM,605320,,,
0,Thiazol,RXNORM,606253,,,
0,Thiazol,RXNORM,607999,,,
0,Thiazol,RXNORM,614348,,,
0,Thiazol,RXNORM,615015,,,
0,Thiazol,RXNORM,615016,,,
0,Thiazol,RXNORM,618299,,,
0,Thiazol,RXNORM,629614,,,
0,Thiazol,RXNORM,629615,,,
0,Thiazol,RXNORM,631212,,,
0,Thiazol,RXNORM,631213,,,
0,Thiazol,RXNORM,631214,,,
0,Thiazol,RXNORM,631215,,,
0,Thiazol,RXNORM,631216,,,
0,Thiazol,RXNORM,631217,,,
0,Thiazol,RXNORM,633494,,,
0,Thiazol,RXNORM,647235,,,
0,Thiazol,RXNORM,647236,,,
0,Thiazol,RXNORM,647237,,,
0,Thiazol,RXNORM,647239,,,
0,Thiazol,RXNORM,687360,,,
0,Thiazol,RXNORM,690417,,,
0,Thiazol,RXNORM,690728,,,
0,Thiazol,RXNORM,691361,,,
0,Thiazol,RXNORM,691407,,,
0,Thiazol,RXNORM,692793,,,
0,Thiazol,RXNORM,704551,,,
0,Thiazol,RXNORM,704552,,,
0,Thiazol,RXNORM,706895,,,
0,Thiazol,RXNORM,706896,,,
0,Thiazol,RXNORM,729115,,,
0,Thiazol,RXNORM,729116,,,
0,Thiazol,RXNORM,730905,,,
0,Thiazol,RXNORM,731455,,,
0,Thiazol,RXNORM,731457,,,
0,Thiazol,RXNORM,731461,,,
0,Thiazol,RXNORM,731462,,,
0,Thiazol,RXNORM,731463,,,
0,Thiazol,RXNORM,755768,,,
0,Thiazol,RXNORM,757211,,,
0,Thiazol,RXNORM,792114,,,
0,Thiazol,RXNORM,792115,,,
0,Thiazol,RXNORM,795807,,,
0,Thiazol,RXNORM,799064,,,
0,Thiazol,RXNORM,833760,,,
0,Thiazol,RXNORM,834152,,,
0,Thiazol,RXNORM,855905,,,
0,Thiazol,RXNORM,860487,,,
0,Thiazol,RXNORM,860488,,,
0,Thiazol,RXNORM,860489,,,
0,Thiazol,RXNORM,861760,,,
0,Thiazol,RXNORM,861763,,,
0,Thiazol,RXNORM,861783,,,
0,Thiazol,RXNORM,861795,,,
0,Thiazol,RXNORM,861806,,,
0,Thiazol,RXNORM,861816,,,
0,Thiazol,RXNORM,861822,,,
0,Thiazol,RXNORM,885217,,,
0,Thiazol,RXNORM,885249,,,
0,Thiazol,RXNORM,885250,,,
0,Thiazol,RXNORM,885252,,,
0,Thiazol,RXNORM,895940,,,
0,Thiazol,RXNORM,899988,,,
0,Thiazol,RXNORM,899989,,,
0,Thiazol,RXNORM,899994,,,
0,Thiazol,RXNORM,899996,,,
0,Thiazol,RXNORM,900001,,,
0,Thiazol,RXNORM,967790,,,
0,Thiazol,RXNORM,968642,,,
0,Thiazol,RXNORM,968643,,,
0,Thiazol,RXNORM,968644,,,
0,Thiazol,RXNORM,968793,,,
0,Thiazol,RXNORM,968799,,,
0,Thiazol,RXNORM,968800,,,
0,Thiazol,RXNORM,979613,,,
0,Thiazol,RXNORM,985057,,,
0,Thiazol,RXNORM,990292,,,
0,Thiazol,RXNORM,1007465,,,
0,Thiazol,RXNORM,1007707,,,
0,Thiazol,RXNORM,1008459,,,
0,Thiazol,RXNORM,1009262,,,
0,Thiazol,RXNORM,1010582,,,
0,Thiazol,RXNORM,1010583,,,
0,Thiazol,RXNORM,1010584,,,
0,Thiazol,RXNORM,1010585,,,
0,Thiazol,RXNORM,1010591,,,
0,Thiazol,RXNORM,1011085,,,
0,Thiazol,RXNORM,1011086,,,
0,Thiazol,RXNORM,1011087,,,
0,Thiazol,RXNORM,1014246,,,
0,Thiazol,RXNORM,1021902,,,
0,Thiazol,RXNORM,1022620,,,
0,Thiazol,RXNORM,1023321,,,
0,Thiazol,RXNORM,1025110,,,
0,Thiazol,RXNORM,1041762,,,
0,Thiazol,RXNORM,1041767,,,
0,Thiazol,RXNORM,1041785,,,
0,Thiazol,RXNORM,1049771,,,
0,Thiazol,RXNORM,1087356,,,
0,Thiazol,RXNORM,1120060,,,
0,Thiazol,RXNORM,1121071,,,
0,Thiazol,RXNORM,1121356,,,
0,Thiazol,RXNORM,1121421,,,
0,Thiazol,RXNORM,1121996,,,
0,Thiazol,RXNORM,1123648,,,
0,Thiazol,RXNORM,1130713,,,
0,Thiazol,RXNORM,1131491,,,
0,Thiazol,RXNORM,1135408,,,
0,Thiazol,RXNORM,1135409,,,
0,Thiazol,RXNORM,1141372,,,
0,Thiazol,RXNORM,1143463,,,
0,Thiazol,RXNORM,1144222,,,
0,Thiazol,RXNORM,1144325,,,
0,Thiazol,RXNORM,1144326,,,
0,Thiazol,RXNORM,1146169,,,
0,Thiazol,RXNORM,1147775,,,
0,Thiazol,RXNORM,1149975,,,
0,Thiazol,RXNORM,1150961,,,
0,Thiazol,RXNORM,1153166,,,
0,Thiazol,RXNORM,1153167,,,
0,Thiazol,RXNORM,1153620,,,
0,Thiazol,RXNORM,1153621,,,
0,Thiazol,RXNORM,1153622,,,
0,Thiazol,RXNORM,1153623,,,
0,Thiazol,RXNORM,1153624,,,
0,Thiazol,RXNORM,1157240,,,
0,Thiazol,RXNORM,1157241,,,
0,Thiazol,RXNORM,1157242,,,
0,Thiazol,RXNORM,1157243,,,
0,Thiazol,RXNORM,1157987,,,
0,Thiazol,RXNORM,1157988,,,
0,Thiazol,RXNORM,1161597,,,
0,Thiazol,RXNORM,1161598,,,
0,Thiazol,RXNORM,1161603,,,
0,Thiazol,RXNORM,1161604,,,
0,Thiazol,RXNORM,1162196,,,
0,Thiazol,RXNORM,1162197,,,
0,Thiazol,RXNORM,1162198,,,
0,Thiazol,RXNORM,1162199,,,
0,Thiazol,RXNORM,1163231,,,
0,Thiazol,RXNORM,1163232,,,
0,Thiazol,RXNORM,1163351,,,
0,Thiazol,RXNORM,1163352,,,
0,Thiazol,RXNORM,1163389,,,
0,Thiazol,RXNORM,1163390,,,
0,Thiazol,RXNORM,1169928,,,
0,Thiazol,RXNORM,1169929,,,
0,Thiazol,RXNORM,1175666,,,
0,Thiazol,RXNORM,1175667,,,
0,Thiazol,RXNORM,1181933,,,
0,Thiazol,RXNORM,1181934,,,
0,Thiazol,RXNORM,1233738,,,
0,Thiazol,RXNORM,1234307,,,
0,Thiazol,RXNORM,1237081,,,
0,Thiazol,RXNORM,1239373,,,
0,Thiazol,RXNORM,1246496,,,
0,Thiazol,RXNORM,1291129,,,
0,Thiazol,RXNORM,1291130,,,
0,Thiazol,RXNORM,1291131,,,
0,Thiazol,RXNORM,1291132,,,
0,Thiazol,RXNORM,1291133,,,
0,Thiazol,RXNORM,1294845,,,
0,Thiazol,RXNORM,1297455,,,
0,Thiazol,RXNORM,1301823,,,
0,Thiazol,RXNORM,1302343,,,
0,Thiazol,RXNORM,1302344,,,
0,Thiazol,RXNORM,1302345,,,
0,Thiazol,RXNORM,1302346,,,
0,Thiazol,RXNORM,1302361,,,
0,Thiazol,RXNORM,1302362,,,
0,Thiazol,RXNORM,1302364,,,
0,Thiazol,RXNORM,1305527,,,
0,Thiazol,RXNORM,1305837,,,
0,Thiazol,RXNORM,1307662,,,
0,Thiazol,RXNORM,1308784,,,
0,Thiazol,RXNORM,1310038,,,
0,Thiazol,RXNORM,1313354,,,
0,Thiazol,RXNORM,1362181,,,
0,Thiazol,RXNORM,1362741,,,
0,Thiazol,RXNORM,1368399,,,
0,Thiazol,RXNORM,1368400,,,
0,Thiazol,RXNORM,1368401,,,
0,Thiazol,RXNORM,1368402,,,
0,Thiazol,RXNORM,1368403,,,
0,Thiazol,RXNORM,1368405,,,
0,Thiazol,RXNORM,1368409,,,
0,Thiazol,RXNORM,1368410,,,
0,Thiazol,RXNORM,1368412,,,
0,Thiazol,RXNORM,1368416,,,
0,Thiazol,RXNORM,1368417,,,
0,Thiazol,RXNORM,1368419,,,
0,Thiazol,RXNORM,1368423,,,
0,Thiazol,RXNORM,1368424,,,
0,Thiazol,RXNORM,1368426,,,
0,Thiazol,RXNORM,1368430,,,
0,Thiazol,RXNORM,1368431,,,
0,Thiazol,RXNORM,1368433,,,
0,Thiazol,RXNORM,1368434,,,
0,Thiazol,RXNORM,1368437,,,
0,Thiazol,RXNORM,1368438,,,
0,Thiazol,RXNORM,1368440,,,
0,Thiazol,RXNORM,1368444,,,
0,Thiazol,RXNORM,1374661,,,
0,Thiazol,RXNORM,1374670,,,
0,Thiazol,RXNORM,1384487,,,
0,Thiazol,RXNORM,1424651,,,
0,Thiazol,RXNORM,1424867,,,
0,Thiazol,RXNORM,1425574,,,
0,Thiazol,RXNORM,1425992,,,
0,Thiazol,RXNORM,1426413,,,
0,Thiazol,RXNORM,1431048,,,
0,Thiazol,RXNORM,1436586,,,
0,Thiazol,RXNORM,1439115,,,
0,Thiazol,RXNORM,1440947,,,
0,Thiazol,RXNORM,1441287,,,
0,Thiazol,RXNORM,1485868,,,
0,Thiazol,RXNORM,1490457,,,
0,Thiazol,RXNORM,1492336,,,
0,Thiazol,RXNORM,1493021,,,
0,Thiazol,RXNORM,1493170,,,
0,Thiazol,RXNORM,1493173,,,
0,Thiazol,RXNORM,1494179,,,
0,Thiazol,RXNORM,1494180,,,
0,Thiazol,RXNORM,1494181,,,
0,Thiazol,RXNORM,1494182,,,
0,Thiazol,RXNORM,1494183,,,
0,Thiazol,RXNORM,1494184,,,
0,Thiazol,RXNORM,1494186,,,
0,Thiazol,RXNORM,1494187,,,
0,Thiazol,RXNORM,1494191,,,
0,Thiazol,RXNORM,1495136,,,
0,Thiazol,RXNORM,1547254,,,
0,Thiazol,RXNORM,1548162,,,
0,Thiazol,RXNORM,1552134,,,
0,Thiazol,RXNORM,1593260,,,
0,Thiazol,RXNORM,1593760,,,
0,Thiazol,RXNORM,1593870,,,
0,Thiazol,RXNORM,1600083,,,
0,Thiazol,RXNORM,1601850,,,
0,Thiazol,RXNORM,1605394,,,
0,Thiazol,RXNORM,1605395,,,
0,Thiazol,RXNORM,1608162,,,
0,Thiazol,RXNORM,1649155,,,
0,Thiazol,RXNORM,1649302,,,
0,Thiazol,RXNORM,1661518,,,
0,Thiazol,RXNORM,1663279,,,
0,Thiazol,RXNORM,1663413,,,
0,Thiazol,RXNORM,1670328,,,
0,Thiazol,RXNORM,1670329,,,
0,Thiazol,RXNORM,1670330,,,
0,Thiazol,RXNORM,1670331,,,
0,Thiazol,RXNORM,1670332,,,
0,Thiazol,RXNORM,1720681,,,
0,Thiazol,RXNORM,1720845,,,
0,Thiazol,RXNORM,1722015,,,
0,Thiazol,RXNORM,1724842,,,
0,Thiazol,RXNORM,1733688,,,
0,Thiazol,RXNORM,1738530,,,
0,Thiazol,RXNORM,1743163,,,
0,Thiazol,RXNORM,1743280,,,
0,Thiazol,RXNORM,1746354,,,
0,Thiazol,RXNORM,1746954,,,
0,Thiazol,RXNORM,1805299,,,
0,GLP1Aex,Names,,Exenatide,,
0,GLP1Aex,Names,,Byetta,,
0,GLP1Aex,Names,,Bydureon,,
0,GLP1Aex,Names,,Liraglutide,,
0,GLP1Aex,Names,,Victoza,,
0,GLP1Aex,Names,,Saxenda,,
0,GLP1Aex,RXNORM,60548,,,
0,GLP1Aex,RXNORM,475968,,,
0,GLP1Aex,RXNORM,604751,,,
0,GLP1Aex,RXNORM,847908,,,
0,GLP1Aex,RXNORM,847910,,,
0,GLP1Aex,RXNORM,847911,,,
0,GLP1Aex,RXNORM,847913,,,
0,GLP1Aex,RXNORM,847914,,,
0,GLP1Aex,RXNORM,847915,,,
0,GLP1Aex,RXNORM,847916,,,
0,GLP1Aex,RXNORM,847917,,,
0,GLP1Aex,RXNORM,847919,,,
0,GLP1Aex,RXNORM,897120,,,
0,GLP1Aex,RXNORM,897122,,,
0,GLP1Aex,RXNORM,897123,,,
0,GLP1Aex,RXNORM,897124,,,
0,GLP1Aex,RXNORM,897126,,,
0,GLP1Aex,RXNORM,1163230,,,
0,GLP1Aex,RXNORM,1163790,,,
0,GLP1Aex,RXNORM,1169415,,,
0,GLP1Aex,RXNORM,1186578,,,
0,GLP1Aex,RXNORM,1242961,,,
0,GLP1Aex,RXNORM,1242963,,,
0,GLP1Aex,RXNORM,1242964,,,
0,GLP1Aex,RXNORM,1242965,,,
0,GLP1Aex,RXNORM,1242967,,,
0,GLP1Aex,RXNORM,1242968,,,
0,GLP1Aex,RXNORM,1244651,,,
0,GLP1Aex,RXNORM,1359640,,,
0,GLP1Aex,RXNORM,1359802,,,
0,GLP1Aex,RXNORM,1359979,,,
0,GLP1Aex,RXNORM,1360105,,,
0,GLP1Aex,RXNORM,1360454,,,
0,GLP1Aex,RXNORM,1360495,,,
0,GLP1Aex,RXNORM,1544916,,,
0,GLP1Aex,RXNORM,1544918,,,
0,GLP1Aex,RXNORM,1544919,,,
0,GLP1Aex,RXNORM,1544920,,,
0,GLP1Aex,RXNORM,1593624,,,
0,GLP1Aex,RXNORM,1596425,,,
0,GLP1Aex,RXNORM,1598264,,,
0,GLP1Aex,RXNORM,1598265,,,
0,GLP1Aex,RXNORM,1598267,,,
0,GLP1Aex,RXNORM,1598268,,,
0,GLP1Aex,RXNORM,1598269,,,
0,GLP1Aex,RXNORM,1598618,,,
0,GLP1Aex,RXNORM,1653594,,,
0,GLP1Aex,RXNORM,1653597,,,
0,GLP1Aex,RXNORM,1653600,,,
0,GLP1Aex,RXNORM,1653610,,,
0,GLP1Aex,RXNORM,1653611,,,
0,GLP1Aex,RXNORM,1653613,,,
0,GLP1Aex,RXNORM,1653614,,,
0,GLP1Aex,RXNORM,1653616,,,
0,GLP1Aex,RXNORM,1653619,,,
0,GLP1Aex,RXNORM,1653625,,,
0,GLP1Aex,RXNORM,1654044,,,
0,GLP1Aex,RXNORM,1654730,,,
0,GLP1Aex,RXNORM,1727493,,,
0,GLP1Aex,RXNORM,1804447,,,
0,GLP1Aex,RXNORM,1804505,,,
